"Inverter Report ","","","","","","","","","","","","","","","","","","","","","","","","","","","","","","","","","",""
"Test","Site","Device name","","1","2","3","4","5","6","7","8","9","10","11","12","13","14","15","16","17","18","19","20","21","22","23","24","25","26","27","28","29","30","31"
"โรงสี ต.ไทยเจริญ","Thaicharoen Rice Mill","100KTL-M2(COM1-1)","133","386.29","503.08","432.39","99.93","400.55","196.51","206.6","514.88","441.79","483.54","265.01","485.93","418.12","505.93","404.06","517.65","","","","","","","","","","","","","","",""
"โรงสี ต.ไทยเจริญ","Thaicharoen Rice Mill","100KTL-M2(COM1-12)","133","381.88","501.27","424.66","266.83","395.82","194.35","219.32","511.27","437.46","478.06","261.59","482.15","414.21","501.45","401.8","514.27","","","","","","","","","","","","","","",""
"โรงสี ต.ไทยเจริญ","Thaicharoen Rice Mill","100KTL-M2(COM1-13)","133","367.51","493.3","401.36","255.27","384.78","184.38","209.87","498.39","423.88","465.37","248.3","471.13","402.55","488.12","393.61","502.51","","","","","","","","","","","","","","",""
"SeAH","SeAH","100KTL-M2(COM2-01)","119.24","494.43","576.53","276.93","250.19","502.45","498.39","498.35","606.05","476.53","551","504.11","413.12","452.68","540.21","544.87","420.89","","","","","","","","","","","","","","",""
"SeAH","SeAH","100KTL-M2(COM2-02)","119.24","495.75","579.08","276.53","250.25","505.03","499.93","498.91","609.1","476.09","553.53","504.93","412.63","452.15","542.75","545.51","423.63","","","","","","","","","","","","","","",""
"SeAH","SeAH","100KTL-M2(COM2-03)","119.44","472","552.98","265.04","237.72","482.81","477.56","477.24","581.97","452.29","529.44","481.44","394.5","433.12","517.59","518.02","403.83","","","","","","","","","","","","","","",""
"SeAH","SeAH","100KTL-M2(COM2-04)","119.24","513.54","606.03","285.34","257.9","526.44","518.6","525.3","630.65","497.21","573.75","528.13","431.64","476.07","563.02","574.92","445.58","","","","","","","","","","","","","","",""
"SeAH","SeAH","100KTL-M2(COM2-05)","119.24","511.19","575.55","280.45","256.92","522.17","513.77","511.2","629.38","479.5","562.54","515.77","420.13","461.36","557.36","560.56","433.54","","","","","","","","","","","","","","",""
"SeAH","SeAH","100KTL-M2(COM2-06)","119.24","509.1","580.93","281.51","257.83","519.16","517.22","505.14","622.93","477.01","557.52","510.64","418.07","457.94","555.89","555.35","432.73","","","","","","","","","","","","","","",""
"SeAH","SeAH","100KTL-M2(COM2-07)","119.24","498.49","569.79","277.45","253.46","511.9","508.49","496.2","612.26","466.09","547.7","498.95","409.6","448.01","542.95","542.21","423.29","","","","","","","","","","","","","","",""
"SeAH","SeAH","100KTL-M2(COM2-08)","119.24","507.58","586.5","283.96","257.92","524.37","505.24","510.76","628.19","482.54","563.17","513.48","421.81","460.18","556.25","556.12","432.66","","","","","","","","","","","","","","",""
"SeAH","SeAH","100KTL-M2(COM2-09)","119.24","496.5","601.1","284.72","250.6","500.04","492.6","521","608.07","494.04","566.31","519.95","425.25","474.41","543.96","565.92","442.23","","","","","","","","","","","","","","",""
"SeAH","SeAH","100KTL-M2(COM2-10)","119.24","487.19","581.36","310.37","262.14","499","500.98","554.69","600.4","476.17","543.52","495.37","413.55","458.21","522.99","554.52","448.56","","","","","","","","","","","","","","",""
"SeAH","SeAH","100KTL-M2(COM2-11)","119.24","537.94","643.56","313.24","275.01","553.86","533.61","560.1","663.61","527.68","603.66","556.68","457.17","505.76","593.2","603.98","477.79","","","","","","","","","","","","","","",""
"SeAH","SeAH","100KTL-M2(COM2-12)","119.24","424.25","508.35","241.48","214.09","434.41","422.94","442.63","518.47","416.08","483.38","439.16","357.66","397.86","465.79","480.98","375.96","","","","","","","","","","","","","","",""
"THAI-SUP","THAI-SUP","2101073023ESK2000292","32.612","114.3","124.58","82.34","82.69","94.13","110.11","98.56","91.96","122.48","107.69","112.68","111.92","143.88","141.96","158.34","155.3","","","","","","","","","","","","","","",""
"THAI-SUP","THAI-SUP","21010738716TK2900046","65.224","222.23","248.63","164.46","163","185.09","216.49","193.88","181.58","240.14","212.79","221.4","219.76","281.09","274.87","309.93","304.36","","","","","","","","","","","","","","",""
"THAI-SUP","THAI-SUP","21010738716TK2900054","65.224","227.33","271.14","170.19","166.72","185.64","222.74","200.09","184.69","247.44","218.62","231.27","230.59","294.43","294.34","329.66","320.21","","","","","","","","","","","","","","",""
"THAI-SUP","THAI-SUP","21010738716TK2900055","65.224","225.92","262","168.74","165.03","185.75","221.32","197.72","183.87","245.1","217.15","227.48","225.66","290.68","283.67","321.34","314.28","","","","","","","","","","","","","","",""
"THAI-SUP","THAI-SUP","21010738716TK2900063","65.224","228.06","258.41","167.47","165.43","186.49","222.07","197.85","184.3","245.87","217.78","227.87","225.22","291.07","286.85","321.57","312.56","","","","","","","","","","","","","","",""
"THAI-SUP","THAI-SUP","21010738716TK2900068","65.224","219.01","245.21","160.65","158.24","179.97","211.45","188.66","175.66","233.94","206.24","216.7","215.57","279.34","273.56","305.77","299.27","","","","","","","","","","","","","","",""
"THAI-SUP","THAI-SUP","21010738716TK2900080","65.224","202.57","232.66","150.39","148.02","167.46","198.59","177.72","165.24","220.32","194.32","203.48","203.25","259.43","255.79","288.96","281.91","","","","","","","","","","","","","","",""
"THAI-SUP","THAI-SUP","21010738716TK2900081","65.224","221.02","264.54","165.63","162.7","182.7","218.07","195.78","181.56","242.06","214.21","226","225.31","287.63","285.21","322.71","315.18","","","","","","","","","","","","","","",""
"THAI-SUP","THAI-SUP","2101073871ESJ9000110","65.224","226.78","265.79","168.21","165.86","185.18","221.01","198.49","183.54","245.41","216.77","229.03","228.58","290.86","291.29","325.41","316.47","","","","","","","","","","","","","","",""
"Nissan KKT","Nissan KKT","50KTL-M3(COM1-12)","53.2","140.2","175.52","118.61","128","16.61","145.96","127.51","113.14","171.1","151.49","132.23","13.15","172.88","144.74","189.23","180.76","","","","","","","","","","","","","","",""
"Nissan KKT","Nissan KKT","50KTL-M3(COM1-13)","53.2","141.17","181.88","119.25","129.69","16.64","146.68","130.99","112.75","176.08","151.05","132.15","13.2","174.61","143.72","194.98","194.65","","","","","","","","","","","","","","",""
"Nissan KKT","Nissan KKT","50KTL-M3(COM1-14)","53.2","136.45","182.95","117.71","127.48","16.58","142.93","126.28","110.33","171.32","148.2","129.68","13.13","175.82","142.91","191.15","191.63","","","","","","","","","","","","","","",""
"Nissan KKT","Nissan KKT","50KTL-M3(COM1-15)","51.87","142.23","184.57","120.46","132.71","16.66","148.45","132.43","114.6","177.31","153.75","134.46","13.17","180.93","147.15","198.04","198.84","","","","","","","","","","","","","","",""
"Offline Prime","P","","","","","","","","","","","","","","","","","","","","","","","","","","","","","","","","",""
"Offline Prime","P","","","","","","","","","","","","","","","","","","","","","","","","","","","","","","","","",""
"Offline Prime","P","","","","","","","","","","","","","","","","","","","","","","","","","","","","","","","","",""
"Offline Prime","P","","","","","","","","","","","","","","","","","","","","","","","","","","","","","","","","",""
"Offline Prime","P","","","","","","","","","","","","","","","","","","","","","","","","","","","","","","","","",""
"Offline Prime","P","","","","","","","","","","","","","","","","","","","","","","","","","","","","","","","","",""
"Offline Prime","P","","","","","","","","","","","","","","","","","","","","","","","","","","","","","","","","",""
"Offline Prime","P","","","","","","","","","","","","","","","","","","","","","","","","","","","","","","","","",""
"CJ Manufacturing","CJ Manufacturing","50KTL-M3COM-1","53.2","212.06","238.42","152.16","117.58","123.61","181.53","172.79","211.23","208.71","217.78","194.92","128.66","211.95","220.53","213.91","142.79","","","","","","","","","","","","","","",""
"CJ Manufacturing","CJ Manufacturing","50KTL-M3COM-10","53.2","219.09","259.15","152.14","116.89","122.77","188.95","190.23","235.65","217.88","234.71","220.99","128.22","233.22","246.37","229.09","162.75","","","","","","","","","","","","","","",""
"CJ Manufacturing","CJ Manufacturing","50KTL-M3COM-17","53.2","215.38","247.35","150.27","117.25","123.36","190.25","181.76","234.57","213.78","224.13","213.02","128.01","223.44","233.7","222.01","152.14","","","","","","","","","","","","","","",""
"CJ Manufacturing","CJ Manufacturing","50KTL-M3COM-2","53.2","213.56","237.15","150.23","117.27","123.2","187.51","172.19","215.19","214.18","226.97","209.66","127.98","224.52","225.93","220.33","147.92","","","","","","","","","","","","","","",""
"CJ Manufacturing","CJ Manufacturing","50KTL-M3COM-3","53.2","203.35","217.77","150.86","117.86","123.27","180.55","171.38","201.52","196.88","204.61","199.37","128.1","209.73","207.21","220.77","149.31","","","","","","","","","","","","","","",""
"CJ Manufacturing","CJ Manufacturing","50KTL-M3COM-4","53.2","218.92","262.81","149.17","116.3","122.76","196.54","190.49","236.05","217.99","234.87","220.1","127.73","233.54","249.7","238.48","160.92","","","","","","","","","","","","","","",""
"CJ Manufacturing","CJ Manufacturing","50KTL-M3COM-5","53.2","202.08","228.92","152.94","117.27","123.3","164.17","165.89","217.52","204.95","223.47","201.06","128.32","221.35","224.32","230.67","152.52","","","","","","","","","","","","","","",""
"CJ Manufacturing","CJ Manufacturing","50KTL-M3COM-6","53.2","213.77","239.19","153.36","117.28","123.27","176.82","164.97","206.39","202.83","218.35","198.47","128.19","216.36","206.51","211.7","142.95","","","","","","","","","","","","","","",""
"CJ Manufacturing","CJ Manufacturing","50KTL-M3COM-8","53.2","211.79","249.21","149.88","115.29","122.72","184.96","175.68","216.69","214.56","225.01","215.77","127.33","225.23","228.76","229.3","154.64","","","","","","","","","","","","","","",""
"CJ Manufacturing","CJ Manufacturing","50KTL-M3COM-9","53.2","217.48","257.87","151.62","116.76","123.16","185.68","185.53","233.09","216.44","229.54","214.68","128.14","226.75","232.26","226.55","153.4","","","","","","","","","","","","","","",""
"Poomsuk","Poomsuk","6T2139008613","97.2","379.95","340.09","403.5","272.54","301.76","252.63","373.48","326.55","343.27","302.77","195.94","373.65","386.97","288.07","363.96","357.58","","","","","","","","","","","","","","",""
"Poomsuk","Poomsuk","6T2139008648","97.2","379.43","339.76","402.68","272.35","302.04","251.45","371.56","325.55","341.17","300.42","193.71","372.87","385.37","286.2","362.31","354.96","","","","","","","","","","","","","","",""
"AAG Corporation","AAG","AAG_100KTL_NO_01","124.08","562.15","523.14","547.37","310.61","107.43","550.75","447.86","544.61","514.32","485.81","160.72","84.65","431.49","416.13","470.96","442.7","","","","","","","","","","","","","","",""
"AAG Corporation","AAG","AAG_100KTL_NO_02","123.42","561.34","526.26","551.44","312.14","107.09","556.21","450.33","545.78","517.94","488.79","160.61","84.05","433.98","418.06","471.13","442.81","","","","","","","","","","","","","","",""
"AAG Corporation","AAG","AAG_50KTL_NO_03","52.8","239.63","228.49","238.14","133.38","52.67","233.91","194.91","235.57","220.28","212.9","78.84","41.64","189.43","180.91","203.88","191.76","","","","","","","","","","","","","","",""
"AMW","Auto Motion Work","AMW_33KTL_05","32.5","97.56","128.34","88.44","84.6","81.62","101.88","91.58","85.32","125.02","101.54","115.4","119.6","129.1","121.86","145.1","127.22","","","","","","","","","","","","","","",""
"AMW","Auto Motion Work","AMW_33KTL_06","32.5","98.52","130.44","88.96","85.46","82.3","102.94","92.18","86.04","126.6","102.48","116.74","121.76","130.92","123.74","147.76","129.04","","","","","","","","","","","","","","",""
"AMW","Auto Motion Work","AMW_36KTL_01","39","","","","","","","","","","","","","","","","","","","","","","","","","","","","","","",""
"AMW","Auto Motion Work","AMW_36KTL_02","39","151.81","190.07","132.24","130.53","125.78","155.57","140.37","129.91","191.45","155.55","173.71","184.78","191.92","186.76","223.31","196.02","","","","","","","","","","","","","","",""
"AMW","Auto Motion Work","AMW_36KTL_03","39","152.53","188.82","133.69","131.74","126.8","156.38","141.59","130.83","192.35","156.46","175.54","186.91","192.49","187.7","224.46","195.74","","","","","","","","","","","","","","",""
"AMW","Auto Motion Work","AMW_36KTL_04","39","155.07","200.55","139.76","134.13","129.06","161.28","143.97","134.47","197.06","160.97","181.41","188.68","201.38","193.1","229.77","200.66","","","","","","","","","","","","","","",""
"A-PLA HIGHTECH(Branch 2)","A-PLA","A-PLA inv(COM1-1)","133","334.68","557.69","305.97","178.1","474.76","439.53","576.61","650.58","364.67","674.62","610.54","369.39","466.33","551.21","533.57","533.02","","","","","","","","","","","","","","",""
"A-PLA HIGHTECH(Branch 2)","A-PLA","A-PLA inv(COM1-2)","133","334.41","558.92","306.45","177.48","474.05","439.48","577.43","652.96","364.01","677.16","611.61","369.92","466.73","551.59","533.82","533.16","","","","","","","","","","","","","","",""
"A-PLA HIGHTECH(Branch 2)","A-PLA","A-PLA inv(COM1-3)","133","331.93","556.97","331.47","177.04","452.61","428.48","573.19","608.7","374.86","654.79","594.35","368.9","467.14","533.97","559.94","535.19","","","","","","","","","","","","","","",""
"A-PLA HIGHTECH(Branch 2)","A-PLA","A-PLA inv(COM1-4)","133","331.74","557.76","328.88","175.57","448.55","427.54","572.21","607.88","372.44","652.96","592.14","368.53","464.11","532.18","558.49","533.37","","","","","","","","","","","","","","",""
"BMC 138.60 kWp (Eternal Resonac Materials)","BMC (Eternal Resin)","BMC-INV01-50kW","55.44","239.45","275.43","165","136","236.04","214.34","199.44","304.13","250.55","270.33","241.79","198.35","250.65","291.59","269.53","199.24","","","","","","","","","","","","","","",""
"BMC 138.60 kWp (Eternal Resonac Materials)","BMC (Eternal Resin)","BMC-INV02-50kW","55.44","225.81","274.29","165.74","130.12","222.09","203","213.47","292.19","247.85","265.73","239.35","201.95","260.88","288.13","273.38","207.15","","","","","","","","","","","","","","",""
"BMC 138.60 kWp (Eternal Resonac Materials)","BMC (Eternal Resin)","BMC-INV03-30kW","27.72","107.5","133.45","81.32","62.38","112.54","96.94","106.96","139.15","120.92","129.6","116.73","99.98","129.89","138.94","134.19","103.25","","","","","","","","","","","","","","",""
"Brose Project Solar Rooftop 249.60kWp","Bulk 110.88 kWp (Eternal Resin)","BSInverter(COM1-1)","","","","376.51","175.26","201.93","625.21","814.57","733.15","","788.3","199.86","185.61","592.7","761.63","784.52","712.16","","","","","","","","","","","","","","",""
"Brose Project Solar Rooftop 249.60kWp","Bulk 110.88 kWp (Eternal Resin)","BsInverter(COM1-2)","","","","124.55","57.21","66.85","206.5","269.45","296.94","","259.83","66.13","61.48","196.9","251.38","260.31","236.51","","","","","","","","","","","","","","",""
"Bulk 110.88 kWp (Eternal Resin)","Bulk (Eternal Resin)","BULK-INV01-50kW","55.44","235.46","272.03","164.21","134.77","232.67","211.04","197.6","299.28","246.83","268.01","239.03","197.47","250","292.88","265.84","196.45","","","","","","","","","","","","","","",""
"Bulk 110.88 kWp (Eternal Resin)","Bulk (Eternal Resin)","BULK-INV02-50kW","55.44","212.69","263.71","161.73","125.06","210.94","191.53","211.78","272.5","237.65","256.63","230.05","199.04","257.28","273.05","263.6","202.62","","","","","","","","","","","","","","",""
"KKF BWC V2","BWC Ph.1","BWC_60KTL-NO-01","66","195.21","245.8","180.33","173.67","167.15","43.06","","169.51","239.66","208.1","213.66","158.72","276.85","252.98","284.32","263.89","","","","","","","","","","","","","","",""
"KKF BWC V2","BWC Ph.1","BWC_60KTL-NO-02","66","194.54","245.35","180.54","173.29","166.79","42.89","","169.28","238.46","207.7","212.46","158.78","275.19","251.53","282.95","262.16","","","","","","","","","","","","","","",""
"KKF BWC V2","BWC Ph.1","BWC_60KTL-NO-03","66","198.83","213.45","163.15","176.09","164.8","34.81","","164.07","236.52","202.84","205.03","161.84","252.05","257.41","289.92","255.4","","","","","","","","","","","","","","",""
"KKF BWC V2","BWC Ph.1","BWC_60KTL-NO-04","66","200.72","215.1","165.78","178.64","167.09","35.34","","166.66","238.59","205.55","206.93","163.4","253.71","259.03","292.12","257.76","","","","","","","","","","","","","","",""
"KKF BWC V2","BWC Ph.1","BWC_60KTL-NO-05","66","135.68","172.01","125.19","120.1","115.7","29.73","","117.49","169.25","144.24","148.82","129.28","199.85","175.35","197.02","184.51","","","","","","","","","","","","","","",""
"KKF BWC V2","BWC Ph.1","BWC_60KTL-NO-06","66","191.88","242.3","178.25","171.14","164.65","42.26","","167.07","235.58","204.77","210.2","157.25","271.79","248.3","278.87","259","","","","","","","","","","","","","","",""
"KKF BWC V2","BWC Ph.1","BWC_60KTL-NO-07","66","181.15","241.92","177.24","165.27","161.42","42.88","","164.49","232.06","199.08","207.54","152.53","272.3","241.69","271.59","256.31","","","","","","","","","","","","","","",""
"KKF BWC V2","BWC Ph.1","BWC_60KTL-NO-08","66","186.06","242.14","178.31","167.36","162.82","42.95","","165.54","232.99","200.96","208.71","154.2","271.8","243.31","272.37","256.55","","","","","","","","","","","","","","",""
"KKF BWC V2","BWC Ph.1","BWC_60KTL-NO-09","66","183.09","236.95","176.12","164.1","159.5","42.21","","162.33","228.11","197.57","203.88","152.62","266.87","237.35","266.43","250.49","","","","","","","","","","","","","","",""
"KKF BWC V2","BWC Ph.1","BWC_60KTL-NO-10","66","187.4","221.26","164.47","167.83","159.05","37.35","","159.68","229.63","196.68","200.79","157.52","252.98","244.45","274.99","248.5","","","","","","","","","","","","","","",""
"KKF BWC V2","BWC Ph.1","BWC_60KTL-NO-11","66","155.32","162.06","120.35","139.13","129.03","23.68","","126.92","186.41","154.97","159.61","143.6","193.63","199.53","223.29","200.26","","","","","","","","","","","","","","",""
"KKF BWC V2","BWC Ph.1","BWC_60KTL-NO-12","66","194.6","204.4","153.78","174.77","162.44","31","","160.32","231.66","196.52","200.45","161.66","238.09","250.79","281.43","249.38","","","","","","","","","","","","","","",""
"KKF BWC V2","BWC Ph.1","BWC_60KTL-NO-13","66","195.7","205.68","155.32","176.02","163.27","31.16","","161.45","232.56","197.78","201.05","162.29","239.7","252.15","282.7","250.87","","","","","","","","","","","","","","",""
"KKF BWC V2 Phase2","BWC Ph.2","BWC2Inverter(COM2-1)","118.8","","","","","","","","","","365.75","371.77","283.18","453.06","463.74","520.41","465.62","","","","","","","","","","","","","","",""
"KKF BWC V2 Phase2","BWC Ph.2","BWC2Inverter(COM2-2)","118.8","","","","","","","","","","262.99","339.85","277.82","418.84","444.71","503.7","453.28","","","","","","","","","","","","","","",""
"CCP1 v.2","CCP Ph.1","CCP1_INV_No_03_100K","84.8","214.55","367.75","143.78","129.77","209.54","315.3","312.09","450.88","265.93","387.81","339.25","203.11","270.99","307.42","288.66","283.54","","","","","","","","","","","","","","",""
"CCP1 v.2","CCP Ph.1","CCP1_INV_No_04_100K","84.8","219.88","360.33","158.37","123.96","203.77","292.96","332.15","397.71","251.72","358.4","312.2","205.65","289.38","300.62","304.36","279.48","","","","","","","","","","","","","","",""
"CCP1 v.2","CCP Ph.1","CCP1_INV_No_05_100K","84.8","222.02","362.2","159.41","125.34","204.35","294.55","332.1","399.64","253.4","359.51","314.56","207.1","290.19","301.8","305.6","281.88","","","","","","","","","","","","","","",""
"CCP1 v.2","CCP Ph.1","CCP1_INV_No_06_36K","33.92","86.52","140.54","61.89","48.61","76.33","115.3","131.55","155.07","99.04","139.15","122.08","80.08","113.18","116.53","118.62","109.65","","","","","","","","","","","","","","",""
"CCP1 v.2","CCP Ph.1","CCP1V_INV_No_01_100K","84.8","216.79","373.45","146.05","131.49","211.2","320.25","317.49","455.11","269.23","393.21","342.19","205.51","275.85","311.83","291.59","285.87","","","","","","","","","","","","","","",""
"CCP1 v.2","CCP Ph.1","CCP1V_INV_No_02_100K","84.8","214.01","369.1","144.37","129.66","210.08","316.03","314.54","450.95","266.81","389.58","338.78","203.76","273","308.03","289.78","283.91","","","","","","","","","","","","","","",""
"CCP2","CCP Ph.2","CCP2_100KTL_NO_01","95.4","288.55","428.69","160.27","151.55","297.94","323.27","322.01","490.81","333.26","431.83","388.85","255.06","364.08","381.32","387.46","313.66","","","","","","","","","","","","","","",""
"CCP2","CCP Ph.2","CCP2_36KTL_NO_02","28.62","89.45","133.04","49.3","46.47","95.16","98.38","101.06","152.64","101.62","134.78","121.79","78.89","112.05","119.3","120.11","96.34","","","","","","","","","","","","","","",""
"The Carpet Maker 336 kWp","The Carpet Maker","CPInverter(COM1-12)","168","687.4","728.68","538.65","438.46","125.23","539.08","645.02","480.13","684.87","591.03","425.27","95.74","752.55","649.17","781.32","679.47","","","","","","","","","","","","","","",""
"The Carpet Maker 336 kWp","The Carpet Maker","CPInverter(COM1-13)","168","680.21","762.96","530.37","437.28","125.49","536.74","645.18","478.17","678.59","591.72","425.4","96.11","748.59","644.64","783.68","689.43","","","","","","","","","","","","","","",""
"CPS","CPS","CPS_INV_No_01_100KTL","95.4","263.11","432.2","145.29","146.37","339.18","312.16","380.12","491.14","309.54","432.81","394.87","273.48","329.27","375.49","312.17","297.03","","","","","","","","","","","","","","",""
"CPS","CPS","CPS_INV_No_02_100KTL","95.4","267.09","452.21","143.61","151.49","355.24","321.71","380.97","528.71","326.81","458.45","412.83","275.81","328.34","391.41","311.56","298.4","","","","","","","","","","","","","","",""
"CPS","CPS","CPS_INV_No_03_36KTL","36","79.56","136.34","42.87","45.46","106.7","96.47","114.91","160.67","98.16","139.08","124.76","82.57","98.36","117.77","94.95","89.7","","","","","","","","","","","","","","",""
"โชควัฒนาก่อสร้าง 265.54kWp","CHOKWATANA","CTNInverter(COM1-12)","150","673.82","808.18","526.66","380.75","637.51","734.97","488.3","839.38","684.39","927.24","676.64","590.16","758.44","707.61","726.11","531.13","","","","","","","","","","","","","","",""
"โชควัฒนาก่อสร้าง 265.54kWp","CHOKWATANA","CTNInverter(COM1-13)","56","204.18","245.21","160.83","114.05","197.69","223.65","148.91","273.15","208.35","285.4","206.39","177.87","229.64","216.75","221.41","160.25","","","","","","","","","","","","","","",""
"Offline Choentarwood","Choentarwood","","","","","","","","","","","","","","","","","","","","","","","","","","","","","","","","",""
"Offline Choentarwood","Choentarwood","","","","","","","","","","","","","","","","","","","","","","","","","","","","","","","","",""
"Offline Choentarwood","Choentarwood","","","","","","","","","","","","","","","","","","","","","","","","","","","","","","","","",""
"Offline Choentarwood","Choentarwood","","","","","","","","","","","","","","","","","","","","","","","","","","","","","","","","",""
"Offline Choentarwood","Choentarwood","","","","","","","","","","","","","","","","","","","","","","","","","","","","","","","","",""
"Offline Choentarwood","Choentarwood","","","","","","","","","","","","","","","","","","","","","","","","","","","","","","","","",""
"Offline Choentarwood","Choentarwood","","","","","","","","","","","","","","","","","","","","","","","","","","","","","","","","",""
"Offline Choentarwood","Choentarwood","","","","","","","","","","","","","","","","","","","","","","","","","","","","","","","","",""
"Offline Choentarwood","Choentarwood","","","","","","","","","","","","","","","","","","","","","","","","","","","","","","","","",""
"Offline Choentarwood","Choentarwood","","","","","","","","","","","","","","","","","","","","","","","","","","","","","","","","",""
"Offline Choentarwood","Choentarwood","","","","","","","","","","","","","","","","","","","","","","","","","","","","","","","","",""
"Offline Choentarwood","Choentarwood","","","","","","","","","","","","","","","","","","","","","","","","","","","","","","","","",""
"Offline Choentarwood","Choentarwood","","","","","","","","","","","","","","","","","","","","","","","","","","","","","","","","",""
"Chawalit Rice 316.80kWp.","	Chawalit Rice","CWInverter(COM1-12)","172.8","238.15","239.62","306.55","426.15","357.22","219.55","252.86","248","279.19","212.72","350.99","648.26","360.59","219.11","250.17","258.37","","","","","","","","","","","","","","",""
"Chawalit Rice 316.80kWp.","	Chawalit Rice","CWInverter(COM1-13)","144","163.46","160.35","204.89","357.52","262.36","153.47","176.51","165.41","189.52","143.25","296.23","536.69","263.69","149.97","166.8","172.5","","","","","","","","","","","","","","",""
"KKF(CY)_l","CY Ph.1","CY_l_33KTL_NO_01","32.5","126.68","131.36","93.2","86.96","78.24","91.96","101.92","73.16","106.2","106.24","86.12","109.2","149.64","117","144.6","142.32","","","","","","","","","","","","","","",""
"KKF(CY)_l","CY Ph.1","CY_l_33KTL_NO_02","32.5","126.36","130.96","93.16","87","78.28","92","101.92","73.08","106.12","106.24","86.08","109.16","149.52","117.04","144.56","142.48","","","","","","","","","","","","","","",""
"KKF(CY)_l","CY Ph.1","CY_l_33KTL_NO_03","32.5","126.24","130.72","93.08","87","78.28","92.04","101.76","73.08","106.04","106.28","86.04","109.04","149.6","116.92","144.56","142.56","","","","","","","","","","","","","","",""
"KKF(CY)_l","CY Ph.1","CY_l_33KTL_NO_04","32.5","125.32","129.76","92.2","85.88","77","90.56","100.4","71.92","104.4","104.72","84.88","107.92","147.84","115.52","142.8","140.52","","","","","","","","","","","","","","",""
"KKF(CY)_l","CY Ph.1","CY_l_33KTL_NO_05","32.5","127.4","131.84","93.8","87.32","78.48","92.16","101.96","73.2","106.16","106.48","86.2","109.6","150","117.36","144.88","142.48","","","","","","","","","","","","","","",""
"KKF(CY)_l","CY Ph.1","CY_l_33KTL_NO_06","32.5","127.24","130.76","93.44","87.16","78.2","92.4","102.12","73","106.4","106.36","86.24","109.84","149.96","117.24","145.6","143.32","","","","","","","","","","","","","","",""
"KKF(CY)_l","CY Ph.1","CY_l_33KTL_NO_07","32.5","126.96","130.92","93.84","88.16","78.96","93.12","102.96","73.76","107.56","107.4","87","110.68","152.76","118.8","147.04","145.16","","","","","","","","","","","","","","",""
"KKF(CY)_l","CY Ph.1","CY_l_33KTL_NO_08","35.75","139.52","142.44","101.56","94.4","84.52","99.6","110.88","79.36","115.12","116.04","93.48","119.32","163.08","127.6","158.16","156.44","","","","","","","","","","","","","","",""
"KKF(CY)_l","CY Ph.1","CY_l_33KTL_NO_09","35.75","139","142.24","100.76","93.64","84.08","98.76","110.2","78.92","114.2","115.12","92.88","118.28","161.36","126.36","156.48","154.56","","","","","","","","","","","","","","",""
"KKF(CY)_l","CY Ph.1","CY_l_33KTL_NO_10","35.75","142.4","145.28","103.04","95.84","86","101.16","112.96","80.68","116.76","117.76","94.96","121.24","165.32","129.52","159.76","158.16","","","","","","","","","","","","","","",""
"KKF(CY)_l","CY Ph.1","CY_l_33KTL_NO_11","35.75","143.64","146.92","103.72","96.72","86.84","102.08","114","81.48","117.84","118.8","95.84","122.32","166.44","130.44","161.48","159.68","","","","","","","","","","","","","","",""
"KKF(CY)_l","CY Ph.1","CY_l_33KTL_NO_12","35.75","144","147.52","103.88","97","87.16","102.4","114.24","81.76","118.08","119","96.08","122.6","166.92","130.72","161.68","160","","","","","","","","","","","","","","",""
"KKF(CY)_l","CY Ph.1","CY_l_33KTL_NO_13","35.75","140.88","143.6","102.32","95","85.12","100","111.72","79.68","115.36","116.12","93.92","120.08","163.48","128.16","158.16","155.88","","","","","","","","","","","","","","",""
"KKF(CY)_l","CY Ph.1","CY_l_33KTL_NO_14","35.75","142.2","145.28","103.12","95.88","86","101","112.84","80.48","116.52","117.16","94.8","121.16","165.16","129.36","159.68","157.52","","","","","","","","","","","","","","",""
"KKF(CY)_l","CY Ph.1","CY_l_33KTL_NO_15","35.75","142.48","145.84","103.12","96.04","86.08","101.2","113.04","80.68","116.56","117.32","95","121.44","165.76","129.76","160.28","158.28","","","","","","","","","","","","","","",""
"KKF(CY)_l","CY Ph.1","CY_l_33KTL_NO_16","35.75","143.28","146.72","103.48","96.52","86.48","101.68","113.52","81.08","117.44","118.08","95.44","121.96","166.4","130.24","161","159.16","","","","","","","","","","","","","","",""
"KKF(CY)_l","CY Ph.1","CY_l_33KTL_NO_17","35.75","143.4","146.44","103.28","96.4","86.48","101.6","113.6","81.08","117.2","118.12","95.28","122.12","164.84","130","160.56","158.88","","","","","","","","","","","","","","",""
"KKF(CY)_ll","CY Ph.2","CY_ll_36KTL_NO_05","39.6","163.64","166.46","112.3","107.56","93","110.06","130.64","90.78","130.08","135.1","103.81","141.47","184.58","145.67","181.47","180.04","","","","","","","","","","","","","","",""
"KKF(CY)_ll","CY Ph.2","CY_ll_36KTL_NO_06","39.6","162.88","165.56","111.57","106.7","92.38","109.09","129.54","90.32","128.93","133.81","103.02","139.95","182.46","143.88","179.49","177.61","","","","","","","","","","","","","","",""
"KKF(CY)_ll","CY Ph.2","CY_ll_60KTL_NO_01","66","273.46","279.3","187.27","178.73","155.09","182.9","217.21","151.44","215.9","224.36","172.99","234.89","305.55","241.09","300.74","297.89","","","","","","","","","","","","","","",""
"KKF(CY)_ll","CY Ph.2","CY_ll_60KTL_NO_02","66","274.46","279.79","187.6","179.04","155.08","183","217.45","151.6","216.46","225.08","173.15","235.22","306.03","241.44","301.67","298.81","","","","","","","","","","","","","","",""
"KKF(CY)_ll","CY Ph.2","CY_ll_60KTL_NO_03","66","273.31","278.28","187.55","179.11","155.05","183.23","217.6","151.46","216.43","224.66","173.19","235.18","306.75","241.88","301.48","298.59","","","","","","","","","","","","","","",""
"KKF(CY)_ll","CY Ph.2","CY_ll_60KTL_NO_04","66","271.92","276.62","186.37","178.02","153.99","181.97","215.85","150.28","214.98","223.2","171.95","233.16","304.41","239.85","298.93","296.4","","","","","","","","","","","","","","",""
"CY Phase 3","CY Ph.3","CY_lll_100KTL-NO-01","125.55","520.8","516.72","367.64","350.22","302.06","356.93","423.74","295.68","413.83","437.12","333.32","462.16","577.47","472.07","505.2","585","","","","","","","","","","","","","","",""
"CY Phase 3","CY Ph.3","CY_lll_100KTL-NO-02","125.55","516.35","515.53","363.23","346.61","298.28","351.83","419.23","292.68","409.67","431.58","328.61","452.05","571.67","465.71","499.52","576.1","","","","","","","","","","","","","","",""
"CY Phase 3","CY Ph.3","CY_lll_100KTL-NO-03","126.48","493.97","491.75","360.79","336.52","300.64","352.1","398.89","284.07","401.36","412.86","328.79","430.28","558.6","451.97","483.16","554.77","","","","","","","","","","","","","","",""
"CY Phase 3","CY Ph.3","CY_lll_100KTL-NO-04","126.48","525.92","530.5","368.08","352.13","301.7","358.58","427.2","295.34","419.08","439.2","333","464.22","593.36","478","511.77","590.4","","","","","","","","","","","","","","",""
"CY Phase 3","CY Ph.3","CY_lll_60KTL-NO-05","48.36","197","203.51","139.59","131.52","114.79","135.2","158.02","111.52","159.76","163.42","127.99","170.71","227.57","178.35","193.73","220.36","","","","","","","","","","","","","","",""
"CY phase 4","CY Ph.4+5","CY_lllI_100KTL-NO-01","111.78","409.02","403.13","311.14","276.7","264.99","308.6","337.75","249.34","344.06","355.81","269.06","310.44","406.04","366.03","437.42","404.12","","","","","","","","","","","","","","",""
"CY phase 4","CY Ph.4+5","CY_lllI_100KTL-NO-02","111.78","410.23","403.92","312.77","278.44","266.95","310.45","339.5","252.11","345.71","357.48","270.94","311.66","406.47","367.54","437.89","405.03","","","","","","","","","","","","","","",""
"CY phase 4","CY Ph.4+5","CY_lllI_100KTL-NO-03","111.78","408.03","401.54","310.06","276.71","265.14","307.98","336.85","249.73","342.75","355.39","268.51","309.77","404.72","365.08","435.35","402.12","","","","","","","","","","","","","","",""
"CY phase 4","CY Ph.4+5","CY_lllI_100KTL-NO-04","111.78","409.05","401.89","310.35","276.48","264.3","307.54","337.32","248.76","343.12","355.01","268.42","309.46","406.12","365.7","436.77","404.56","","","","","","","","","","","","","","",""
"CY phase 4","CY Ph.4+5","CY_lllI_100KTL-NO-05","111.78","407.97","402.29","310.59","277.24","265.3","309.26","336.51","251.15","343.68","356.19","268.89","310.26","406.8","366.77","438.09","403.19","","","","","","","","","","","","","","",""
"CY phase 4","CY Ph.4+5","CY_lllI_100KTL-NO-06","99.36","375.77","370.65","280.18","251.69","237.54","276.8","305.1","224.13","311.28","320.76","242.65","288.7","378.45","334.14","398.77","376.8","","","","","","","","","","","","","","",""
"CY phase 4","CY Ph.4+5","CY_lllI_100KTL-NO-07","113.85","429.62","421.5","313.77","284.2","264.61","308.98","358.8","259.87","349.68","372.63","270.21","326.97","416.56","376.03","454.71","420.49","","","","","","","","","","","","","","",""
"CY phase 4","CY Ph.4+5","CY_lllI_100KTL-NO-08","113.85","425.19","416.86","309.38","281.47","261.59","305.31","355.17","256.34","345.88","369.59","266.69","324.08","411.62","371.45","449.92","415.79","","","","","","","","","","","","","","",""
"CY phase 4","CY Ph.4+5","CY_lllI_100KTL-NO-09","113.85","427.62","417.87","311.36","282.79","263.5","307.44","357.17","257.89","347.34","371.05","267.43","324.83","413.4","374.37","452.45","417.44","","","","","","","","","","","","","","",""
"CY phase 4","CY Ph.4+5","CY_lllI_100KTL-NO-10","113.85","427.74","420.69","312.58","282.57","262.88","307.22","357.36","257.35","347.3","371.69","267.72","325.25","414.56","373.78","453.62","419.3","","","","","","","","","","","","","","",""
"CY phase 4","CY Ph.4+5","CY_lllI_100KTL-NO-11","113.85","385.74","381.81","278.46","255.89","234.59","273.82","319.75","229.47","314.1","333.06","239.99","301.36","386.04","340.73","411.8","385.91","","","","","","","","","","","","","","",""
"CY phase 4","CY Ph.4+5","CY_lllI_100KTL-NO-12","101.2","426.91","419.31","311.33","283.76","263.5","308.14","357.3","257.98","347.86","371.44","268.21","325.96","413.87","374.83","452.63","417.38","","","","","","","","","","","","","","",""
"DEK SOM BOON(DC1)","DEK SOM BOON","DSB50KTL-M3(COM1-12)","53.2","84.11","96.95","125.31","107.38","23.88","63.35","109.35","115.59","102.6","115.97","96.19","23.16","107.33","113.42","119.2","99.55","","","","","","","","","","","","","","",""
"DEK SOM BOON(DC1)","DEK SOM BOON","DSB50KTL-M3(COM1-13)","53.2","83.27","95.83","124.51","106.66","23.73","62.82","108.52","114.76","101.33","115.18","95.67","23.12","106.54","112.57","118.2","98.83","","","","","","","","","","","","","","",""
"DEK SOM BOON(DC1)","DEK SOM BOON","DSB50KTL-M3(COM1-14)","53.2","83.54","95.81","124.51","106.57","23.78","62.9","108.4","114.67","101.42","115.05","95.73","23.15","106.31","112.46","118.3","98.91","","","","","","","","","","","","","","",""
"DEK SOM BOON(DC1)","DEK SOM BOON","DSB50KTL-M3(COM1-15)","39.9","79.31","89.72","111.67","93.39","23.12","56.6","99.21","105.09","89.08","104.27","87.48","22.68","91.24","101.26","105.71","89.15","","","","","","","","","","","","","","",""
"อาคารชลประทีปสินทรัพย์(office CCP)","อาคารชลประทีปสินทรัพย์(office CCP)","ES21B0047811","113.85","394.26","486.63","200.51","235.64","155.08","384.35","409.14","487.11","423.03","455.53","432.71","157.19","418.17","472.21","434.73","405.03","","","","","","","","","","","","","","",""
"WH01 888.30kWp (Eternal Resin)","Eternal resin","ETN inv (COM1-12)","60.48","242.32","291.33","178.15","140.56","230.42","220.62","225.73","309.92","264.61","282.64","255.07","217.45","278.54","307.67","290.69","217.61","","","","","","","","","","","","","","",""
"WH01 888.30kWp (Eternal Resin)","Eternal resin","ETN inv (COM1-13)","41.58","170.23","204.89","123.95","96.89","180.85","154.22","155.33","221.48","185.42","198.81","177.75","148.98","192.39","217.09","203.33","149.84","","","","","","","","","","","","","","",""
"WH01 888.30kWp (Eternal Resin)","Eternal resin","ETN inv (COM1-14)","","253.31","294.6","177.35","145.12","240.97","228.7","220.03","324.42","266.61","287.89","258.23","215.07","273.52","318.67","289.77","216.69","","","","","","","","","","","","","","",""
"WH01 888.30kWp (Eternal Resin)","Eternal resin","ETN inv (COM1-15)","60.48","246.59","281.55","173.27","142.73","237.29","212.25","203.49","283.04","258.43","281.07","245.32","211.73","269.09","296.4","277.48","192.88","","","","","","","","","","","","","","",""
"WH01 888.30kWp (Eternal Resin)","Eternal resin","ETN inv (COM1-16)","60.48","250.84","293.14","174.72","142","238.98","226.58","217.26","321.42","264.75","285.25","256.52","211.18","270.52","317.09","287.01","212.25","","","","","","","","","","","","","","",""
"WH01 888.30kWp (Eternal Resin)","Eternal resin","ETN inv (COM1-17)","60.48","254.95","297.13","177.58","145.3","241.8","229.69","220.63","327.33","267.01","288.47","259.15","214.69","274.27","321.47","291.04","217.25","","","","","","","","","","","","","","",""
"WH01 888.30kWp (Eternal Resin)","Eternal resin","ETN inv (COM1-18)","60.48","252.43","297.07","176.22","143.04","238.17","229.19","221.02","323.92","266.69","288.18","258.93","214.4","275.88","319.46","291.81","216.29","","","","","","","","","","","","","","",""
"WH01 888.30kWp (Eternal Resin)","Eternal resin","ETN inv (COM1-19)","60.48","245.05","293.49","179.41","140.67","231.95","221.97","227.15","312.62","267.58","285.74","256.85","218.21","280.54","310.42","292.42","220.08","","","","","","","","","","","","","","",""
"WH01 888.30kWp (Eternal Resin)","Eternal resin","ETN inv (COM1-20)","60.48","248.32","297.36","180.87","142.81","233.68","223.02","230.63","318.38","269.54","287.23","258.68","220.49","282.79","315.06","295.58","222.07","","","","","","","","","","","","","","",""
"WH01 888.30kWp (Eternal Resin)","Eternal resin","ETN inv (COM1-21)","60.48","244.67","294.57","178.64","141.03","231.84","222.37","227.7","314.14","267.1","285.69","258.06","218.69","281.29","312.01","293.56","219.63","","","","","","","","","","","","","","",""
"WH01 888.30kWp (Eternal Resin)","Eternal resin","ETN inv (COM1-22)","60.48","243.35","293.62","175.93","140.07","229.41","218.85","225.89","312.76","265.07","281.97","255.29","218.23","280.46","309.92","292.72","219.26","","","","","","","","","","","","","","",""
"WH01 888.30kWp (Eternal Resin)","Eternal resin","ETN inv (COM1-23)","60.48","243.48","293.46","177.92","140.39","230.97","221.51","226.57","312.94","266.06","283.59","256.39","217.96","280.11","310.2","292.48","218.55","","","","","","","","","","","","","","",""
"WH01 888.30kWp (Eternal Resin)","Eternal resin","ETN inv (COM1-24)","60.48","250.69","300.45","180.55","143.77","234.91","224.02","231.95","322.67","269.48","288.2","259.65","222.01","284.38","318.13","297.84","224.48","","","","","","","","","","","","","","",""
"WH01 888.30kWp (Eternal Resin)","Eternal resin","ETN inv (COM1-25)","60.48","244.73","281.09","176.72","140.38","230.12","212.81","218.51","288.76","262.57","279.23","250.43","218.83","271.58","284.13","278.01","203.73","","","","","","","","","","","","","","",""
"WH01 888.30kWp (Eternal Resin)","Eternal resin","ETN inv (COM1-26)","60.48","252.11","302.5","180.27","142.76","235.74","226.09","232.32","325.22","271.83","291.45","262.35","220.93","285.06","319.92","298.47","224.92","","","","","","","","","","","","","","",""
"Offline KKF(BWC)","BWC","BWC_60KTL-NO-01 V.2","66","","","","","","","","","","","","","","","","","","","","","","","","","","","","","","",""
"Offline KKF(BWC)","BWC","BWC_60KTL-NO-02 V.2","66","","","","","","","","","","","","","","","","","","","","","","","","","","","","","","",""
"Offline KKF(BWC)","BWC","BWC_60KTL-NO-03 V.2","66","","","","","","","","","","","","","","","","","","","","","","","","","","","","","","",""
"Offline KKF(BWC)","BWC","BWC_60KTL-NO-04 V.2","66","","","","","","","","","","","","","","","","","","","","","","","","","","","","","","",""
"Offline KKF(BWC)","BWC","BWC_60KTL-NO-05 V.2","66","","","","","","","","","","","","","","","","","","","","","","","","","","","","","","",""
"Offline KKF(BWC)","BWC","BWC_60KTL-NO-06 V.2","66","","","","","","","","","","","","","","","","","","","","","","","","","","","","","","",""
"Offline KKF(BWC)","BWC","BWC_60KTL-NO-07 V.2","66","","","","","","","","","","","","","","","","","","","","","","","","","","","","","","",""
"Offline KKF(BWC)","BWC","BWC_60KTL-NO-08 V.2","66","","","","","","","","","","","","","","","","","","","","","","","","","","","","","","",""
"Offline KKF(BWC)","BWC","BWC_60KTL-NO-09 V.2","66","","","","","","","","","","","","","","","","","","","","","","","","","","","","","","",""
"Offline KKF(BWC)","BWC","BWC_60KTL-NO-10 V.2","66","","","","","","","","","","","","","","","","","","","","","","","","","","","","","","",""
"Offline KKF(BWC)","BWC","BWC_60KTL-NO-11 V.2","66","","","","","","","","","","","","","","","","","","","","","","","","","","","","","","",""
"Offline KKF(BWC)","BWC","BWC_60KTL-NO-12 V.2","66","","","","","","","","","","","","","","","","","","","","","","","","","","","","","","",""
"Offline KKF(BWC)","BWC","BWC_60KTL-NO-13 V.2","66","","","","","","","","","","","","","","","","","","","","","","","","","","","","","","",""
"First Confectionery602","First Confectionery","FCInverter1","151.2","672.71","708.4","599.66","433.9","109.56","598.04","620.47","652.61","540.06","581.22","551.76","89.22","520.05","668.43","627.77","484.64","","","","","","","","","","","","","","",""
"First Confectionery602","First Confectionery","FCInverter2","151.2","664.75","701.36","594.22","431.39","109.59","596.61","612.07","645.16","534.05","549.56","535.08","89.27","508.71","651.49","616.61","480.47","","","","","","","","","","","","","","",""
"First Confectionery602","First Confectionery","FCInverter3","173.6","768.36","797.77","680.9","493.31","109.9","666.14","698.32","726.22","608.14","688.63","671.53","89.86","618.81","774.35","738.84","545.02","","","","","","","","","","","","","","",""
"First Confectionery602","First Confectionery","FCInverter4","126","549.66","574.12","487.58","355.07","73.24","482.66","506.9","512.9","435.76","488.4","481.82","60","446.24","565.48","525.98","390.05","","","","","","","","","","","","","","",""
"Fairy Plaza KK","Fairy Plaza KK","FR100KTL-M2(COM12)","133","303.45","323.06","293.33","311.61","281.36","347.4","308.09","282.55","422.73","349.93","330.15","386.71","466.90","420.63","485.89","506.37","","","","","","","","","","","","","","",""
"Fairy Plaza KK","Fairy Plaza KK","FR100KTL-M2(COM13)","91.7","298.81","331.61","298.8","307.4","282.46","351.01","306.11","284.01","422.06","354.5","332.6","374.64","472.35","413.62","476.65","499.13","","","","","","","","","","","","","","",""
"Fairy Plaza KK","Fairy Plaza KK","FR100KTL-M2(COM14)","133","306.97","347.12","315.59","318.68","293.36","365.65","315.52","296.35","438.98","368.88","345.01","391.4","497.4","427.93","499.28","524.96","","","","","","","","","","","","","","",""
"Fairy Plaza KK","Fairy Plaza KK","FR100KTL-M2(COM15)","133","342.62","377.05","348.83","350.68","321.77","403.52","347.82","325.9","481.6","407.09","378.91","431.67","542.38","468.93","550.28","570","","","","","","","","","","","","","","",""
"Fairy Plaza KK","Fairy Plaza KK","FR100KTL-M2(COM16)","133","333.54","358.79","334.07","343.33","312.63","388.13","340.87","315.17","471.65","392.87","368.52","428.46","525.61","463.31","544.68","564.59","","","","","","","","","","","","","","",""
"Forest Water 637.2kWp","Forest Water","FW Inverter (COM1-1)","126","334.65","397.22","86.86","308.11","297.71","269.07","257.42","227.36","419.03","390.65","372.14","409.13","101.28","403.71","502.67","388.05","","","","","","","","","","","","","","",""
"Forest Water 637.2kWp","Forest Water","FW Inverter(COM1-12)","126","344.64","398.72","85.46","282.94","311.34","271.15","347.4","307.91","424.09","380.47","360.42","393.61","101.28","393.32","473.82","381.1","","","","","","","","","","","","","","",""
"Forest Water 637.2kWp","Forest Water","FW Inverter(COM1-13)","126","308.86","376.39","86.11","301.93","279.32","252.08","317.2","278.1","421.26","354.71","320.32","341.36","100.9","367.72","467.54","412.58","","","","","","","","","","","","","","",""
"Forest Water 637.2kWp","Forest Water","FWInverter4(COM1-4)","","360.06","416.55","88.48","356.37","324.65","270.98","356.71","226.57","343.92","368.53","380.84","434.33","101.64","419.67","519.26","452.47","","","","","","","","","","","","","","",""
"Forest Water 637.2kWp","Forest Water","FWInverter5(COM1-5)","","360.51","419.44","88.43","355.42","324.38","271.39","365.4","258.35","374.08","374.44","379.52","433.4","101.79","418.77","517.71","451.76","","","","","","","","","","","","","","",""
"GTS 198.80 kWp.","GTS","","99.4","479.3","470.45","364.76","286.5","41.58","364.31","409.4","414.52","285.84","193.29","132.15","37.62","207.52","289.11","331.16","281.35","","","","","","","","","","","","","","",""
"GTS 198.80 kWp.","GTS","","99.4","480.48","495.62","375.56","301.81","41.67","385.91","432.11","517.9","337.33","411.72","336.96","38.42","346.77","441.99","396.5","382.66","","","","","","","","","","","","","","",""
"Hexa ceram","Hexa ceram","HEXA_100KTL-NO-01","100.8","353.42","360","319.67","310.78","250.82","242.98","248.91","181.67","193.1","122.04","326","163.94","341.04","376.27","322.38","281.95","","","","","","","","","","","","","","",""
"Hexa ceram","Hexa ceram","HEXA_100KTL-NO-02","100.8","338.25","340.3","302.53","290.62","238.4","226.27","222.74","164.73","173.63","110.26","303.59","156.07","318.13","348.67","292","255.63","","","","","","","","","","","","","","",""
"Hexa ceram","Hexa ceram","HEXA_36KTL-NO-03","40.32","128.11","128.15","114.95","111.5","90.77","86.59","82.92","63.34","67.32","42.91","114.35","60.31","120.11","135.1","112.82","98.32","","","","","","","","","","","","","","",""
"Crinic korat","Dialysis Clinic","HV2040059482","20.925","83.82","90.02","89.88","71.88","88.43","45.35","72.26","85.03","76.7","74.99","75.89","107.68","89.95","74.97","106.2","100.06","","","","","","","","","","","","","","",""
"PTT 7-11 E1","PTT 7-11 E1","HV2230082213","25.85","89.69","117.12","80.29","62.37","63.02","89.6","48.56","58.07","86.84","75.72","51.28","81.45","80.82","99.52","107.6","105.02","","","","","","","","","","","","","","",""
"PTT 7-11 E5","PTT 7-11 E5","HV2230082290","25.85","79.86","107.54","72.84","63.38","61.91","91.42","50.8","59.41","89.42","77.18","54.59","95.15","88.21","89.49","114.44","110.75","","","","","","","","","","","","","","",""
"PTT 7-11 E2","PTT 7-11 E2","HV2230082326","25.85","81.54","102.93","72.45","62","62.06","90.94","50.29","60.42","86.93","76.09","54.23","96.09","80.5","86.81","114.36","107.1","","","","","","","","","","","","","","",""
"IJTT-HEAD OFFICE","IJTT","IJ_100KTL-M2-COM1-1","133","563.79","665.27","336.42","278.1","256.13","532.98","549.34","649.41","563.85","595.31","518.13","473.24","509.08","621.11","618.95","493.7","","","","","","","","","","","","","","",""
"IJTT-HEAD OFFICE","IJTT","IJ_100KTL-M2-COM1-10","133","537.71","631.33","318.12","265.73","252.9","506.17","524.76","620.89","533.21","566.62","497.12","451.86","484.1","590.84","587.24","469.52","","","","","","","","","","","","","","",""
"IJTT-HEAD OFFICE","IJTT","IJ_100KTL-M2-COM1-11","133","577.77","679.69","343.94","284.38","255.7","543.75","565.57","663.19","576.81","610.24","532.02","485.95","524.81","632.8","635.27","506.11","","","","","","","","","","","","","","",""
"IJTT-HEAD OFFICE","IJTT","IJ_100KTL-M2-COM1-12","133","566.12","669.57","341.03","279.39","254.15","529.62","557.59","648.33","570.34","598.96","523.93","479.16","517.49","621.48","625.65","499.06","","","","","","","","","","","","","","",""
"IJTT-HEAD OFFICE","IJTT","IJ_100KTL-M2-COM1-2","133","567.5","627.2","292.31","243.3","247.63","466.3","484.8","570.31","486.43","521.47","463.19","414.47","440.9","543.42","539.06","432.64","","","","","","","","","","","","","","",""
"IJTT-HEAD OFFICE","IJTT","IJ_100KTL-M2-COM1-3","133","570.97","669.44","337.63","280.33","255.65","538.68","554.64","654.08","567.69","599.36","522.27","479","512.85","625.59","622.23","499.19","","","","","","","","","","","","","","",""
"IJTT-HEAD OFFICE","IJTT","IJ_100KTL-M2-COM1-4","133","469.21","552.17","279.03","232.7","245.17","442.48","460.02","541.92","463.01","496.41","444.7","393.81","419.87","518.05","513.97","411.89","","","","","","","","","","","","","","",""
"IJTT-HEAD OFFICE","IJTT","IJ_100KTL-M2-COM1-5","133","470.04","525.96","250.86","209.26","238.98","399.75","419.11","493.29","417.17","451.78","408.36","356.17","377.72","469.83","463.55","373.2","","","","","","","","","","","","","","",""
"IJTT-HEAD OFFICE","IJTT","IJ_100KTL-M2-COM1-6","133","463.3","545.04","273.19","228.92","244.71","448.21","456.66","534.36","454.76","489","438.77","0","386.55","508.87","506.57","406.74","","","","","","","","","","","","","","",""
"IJTT-HEAD OFFICE","IJTT","IJ_100KTL-M2-COM1-7","133","560.69","660.14","336.66","275","251.81","525.26","554.35","639.14","560.53","591.73","519.45","473.16","512.15","617.28","621.23","497.86","","","","","","","","","","","","","","",""
"IJTT-HEAD OFFICE","IJTT","IJ_100KTL-M2-COM1-8","133","566.14","667.61","341.67","280.46","255.07","533.12","554.92","649.15","569.37","599.22","524.32","479.62","518.68","619.76","623.21","499.98","","","","","","","","","","","","","","",""
"IJTT-HEAD OFFICE","IJTT","IJ_100KTL-M2-COM1-9","133","565.25","663.24","341.26","279.89","254.7","531.6","552.82","644.58","567.4","596.54","521.96","478.72","515.82","616.55","620.65","498.15","","","","","","","","","","","","","","",""
"Thai Rokuha 249.92 kWp","Thai Rokuha","INV-01-100kW","124.96","514.61","558.73","385.19","301.35","34.41","495.1","499.02","644.28","522.53","576.36","500.47","30.54","543.13","600.11","569.55","493.45","","","","","","","","","","","","","","",""
"Thai Rokuha 249.92 kWp","Thai Rokuha","INV-02-100kW","124.96","534.54","591.25","408.17","305.31","34.39","507.42","515.69","691.45","538.31","599.26","508.8","30.43","553.19","607.83","510.34","381.64","","","","","","","","","","","","","","",""
"APC 142 kWp","APC","Inverter 01 (50kW)","47.328","265.6","289.58","177.72","126.51","33.96","193.89","240.9","305.63","246.43","231.93","172.24","61.61","177.94","190.97","254.21","226.82","","","","","","","","","","","","","","",""
"APC 142 kWp","APC","Inverter 02 (50kW)","47.344","266.38","288.97","176.73","126.2","33.96","192.25","241.06","305.65","246.8","230.91","171.78","61.67","176.72","189.19","255.19","226.87","","","","","","","","","","","","","","",""
"APC 142 kWp","APC","Inverter 03 (30kW)","47.328","143.07","155.06","99.96","70.69","20.24","108.94","127.23","164.5","131.87","126.1","95.75","36.68","99.59","109.16","136.43","120.05","","","","","","","","","","","","","","",""
"TTL3-886.08 kWp","TTL3","INVERTER(1)","","995.43","924.73","903.56","801.36","259.76","790.39","980.83","1,007.11","900.62","798.92","825.3","331.01","830.37","790.19","945.12","776.41","","","","","","","","","","","","","","",""
"TTL3-886.08 kWp","TTL3","INVERTER(2)","","992.20","921.60","901.70","799.62","260.09","789.37","979.57","1,005.72","900.37","798.83","823.75","331.64","829.47","790.03","944.04","775.44","","","","","","","","","","","","","","",""
"TTL3-886.08 kWp","TTL3","INVERTER(3)","","998.37","927.04","904.49","799.15","259.82","788.30","983.90","1,012.95","899.46","803.44","825.98","331.9","829.44","786.91","943.73","776.49","","","","","","","","","","","","","","",""
"TTL3-886.08 kWp","TTL3","INVERTER(4)","","996.50","925.10","904.96","798.55","260.02","787.66","984.72","1,012.84","900.67","803","824.82","331.9","828.08","786.6","943.57","777.68","","","","","","","","","","","","","","",""
"TTL3-886.08 kWp","TTL3","INVERTER(5)","","332.95","308.86","301.73","266.99","86.41","263.1","328.93","338.13","301.52","267.81","275.79","110.46","277.16","262.59","312.92","259.51","","","","","","","","","","","","","","",""
"E.Q. RUBBER SOLAR ROOFTOP 1.33 MWp","E.Q. RUBBER","Inverter(COM1-1)","146.3","361.77","466.02","277.1","162.51","459.33","421.66","468.85","691.56","198","657.03","573.57","383.93","459.36","474.82","136","493.11","","","","","","","","","","","","","","",""
"E.Q. RUBBER SOLAR ROOFTOP 1.33 MWp","E.Q. RUBBER","Inverter(COM1-10)","146.3","358.6","454.54","266.91","163.13","456.26","420.68","464.9","661.97","192.98","640.74","567.44","382.41","455.55","476.3","134.3","494.77","","","","","","","","","","","","","","",""
"THEPMANEE COLDSTORAGE [CHANTHABURI]","THEPMANEE COLDSTORAGE","","168","472.44","466.92","365.59","211.48","481.74","425.83","434.52","581.69","554.79","556.33","","","493.13","490.52","506.34","548.53","","","","","","","","","","","","","","",""
"THEPMANEE COLDSTORAGE [CHANTHABURI]","THEPMANEE COLDSTORAGE","","168","472.35","466.7","365.54","211.89","482.25","425.52","435.01","581.44","556.07","557.32","","","493.65","490.58","506.27","548.49","","","","","","","","","","","","","","",""
"THEPMANEE COLDSTORAGE [CHANTHABURI]","THEPMANEE COLDSTORAGE","","","477.84","475.73","371.16","215.31","486.37","431.15","444.94","588.41","567.14","570.51","","","87.82","498.6","511.1","555.57","","","","","","","","","","","","","","",""
"THEPMANEE COLDSTORAGE [CHANTHABURI]","THEPMANEE COLDSTORAGE","","","478.72","474.32","373.53","216.8","488.12","432.66","445.47","588.98","567.46","570.34","","","88.26","500.2","513.2","555","","","","","","","","","","","","","","",""
"E.Q. RUBBER SOLAR ROOFTOP 1.33 MWp","E.Q. RUBBER","Inverter(COM1-2)","146.3","362.52","461.6","276.15","162.66","458.03","420.08","465.71","684.98","198.95","654.25","568.7","382.72","457.68","473.93","136.48","488.86","","","","","","","","","","","","","","",""
"E.Q. RUBBER SOLAR ROOFTOP 1.33 MWp","E.Q. RUBBER","Inverter(COM1-3)","146.3","329.45","419.68","248.7","146.17","414.86","380.45","424.2","623.96","190.47","596.99","518.26","345.76","416.03","431.53","131.51","446.43","","","","","","","","","","","","","","",""
"E.Q. RUBBER SOLAR ROOFTOP 1.33 MWp","E.Q. RUBBER","Inverter(COM1-4)","146.3","355.18","452.15","266.41","160.85","454","415.14","461.26","664.46","192.19","635.24","562.84","378.9","451.61","468.92","133.07","485.33","","","","","","","","","","","","","","",""
"E.Q. RUBBER SOLAR ROOFTOP 1.33 MWp","E.Q. RUBBER","Inverter(COM1-5)","146.3","318.81","401.64","236.03","142.5","406.01","373.36","384.92","525.34","174.09","504.52","446.78","300.96","360.44","375.17","122.52","385.14","","","","","","","","","","","","","","",""
"E.Q. RUBBER SOLAR ROOFTOP 1.33 MWp","E.Q. RUBBER","Inverter(COM1-6)","146.3","276.38","350.45","200.47","121.48","347.33","317.89","356.54","517.58","171.17","496.57","435.41","286.07","345.47","364.28","120.25","369.15","","","","","","","","","","","","","","",""
"E.Q. RUBBER SOLAR ROOFTOP 1.33 MWp","E.Q. RUBBER","Inverter(COM1-7)","146.3","305.42","397.72","221.36","133.09","381.24","347.16","396.05","590.31","178.49","567.42","489.11","315.33","379.28","403.24","123.6","407.01","","","","","","","","","","","","","","",""
"E.Q. RUBBER SOLAR ROOFTOP 1.33 MWp","E.Q. RUBBER","Inverter(COM1-8)","146.3","366.67","473.59","276.25","162.08","462.12","397.65","427.82","632.43","189.95","604.72","523.36","343.95","415.01","433.29","130.91","449.12","","","","","","","","","","","","","","",""
"E.Q. RUBBER SOLAR ROOFTOP 1.33 MWp","E.Q. RUBBER","Inverter(COM1-9)","146.3","355.53","454.64","265.11","160.09","454.03","416.75","464.97","671.14","192.53","641.03","567.99","380.41","456.63","475.33","133.69","492.82","","","","","","","","","","","","","","",""
"Sun flour 1","Sun flour Ph.1","Inverter(COM2-1)","184.6","969.31","733.17","848.6","584.37","823.24","909.49","839.76","949.74","923.05","898.86","851.02","841.82","837.76","656.80","829.40","944.83","","","","","","","","","","","","","","",""
"Interroll (Thailand)","Interroll (Thailand)","Inverter(COM2-1)","128.7","531.07","634.67","453.44","375.38","405.71","518.53","516.69","682.64","553.36","467.49","442.88","88.24","492.98","572.16","630.13","445.1","","","","","","","","","","","","","","",""
"AREECHAI WOODTECH 371.8 kWp","AREECHAI WOODTECH","Inverter(COM2-1)","185.892","434.39","467.13","308.62","266.5","278.68","363.55","385.5","484.52","512.74","93.1","79.58","77.28","349.71","444.24","435.83","323.93","","","","","","","","","","","","","","",""
"AREECHAI WOODTECH 371.8 kWp","AREECHAI WOODTECH","Inverter(COM2-2)","185.908","432.9","466.47","455.74","376.87","278.13","367.69","386.51","478.98","507.32","466.15","440.67","88.77","351.94","443.13","431.36","324.22","","","","","","","","","","","","","","",""
"PYK. TOOL AND DIE 113.60 kWp","PYK. TOOL AND DIE","Inverter(COM3-1)","113.6","384","411.5","356.72","307.47","5.98","302.9","381.91","425.33","334.52","356.46","324.41","10.96","326.04","400.01","384.95","372.81","","","","","","","","","","","","","","",""
"TOA PAINT","TOA","INVERTER01-100KTL-M2","119.7","474.29","551.88","343.69","257.59","220.45","390.07","428.35","602.3","524.93","526.42","294.69","305.81","533.11","565.57","520.88","398.06","","","","","","","","","","","","","","",""
"TOA PAINT","TOA","INVERTER02-100KTL-M2","119.7","482.28","557.01","348.27","264.09","222.43","397.34","431.45","607.41","529.69","533.81","296.15","309.23","536.38","571.34","526.78","401.04","","","","","","","","","","","","","","",""
"TOA PAINT","TOA","INVERTER03-100KTL-M2","119.7","321.42","364.63","222.35","181","204.63","276.99","275.9","394.52","352.03","351.67","247.66","254.02","356.6","381.37","340.33","268.93","","","","","","","","","","","","","","",""
"TOA PAINT","TOA","INVERTER04-100KTL-M2","119.7","443.79","490.15","308.88","256.57","219.38","382.63","375.85","539.89","478.27","482.05","285.8","298.84","483.82","522.24","464.68","368.27","","","","","","","","","","","","","","",""
"TOA PAINT","TOA","INVERTER05-100KTL-M2","106.4","428.21","498.79","312.27","232.18","214.41","352.54","389.51","543.6","474.45","478.69","284.94","294.1","484.46","511.06","473.19","360.92","","","","","","","","","","","","","","",""
"TOA PAINT","TOA","INVERTER06-100KTL-M2","106.4","390.35","441.17","269.69","225.45","209.25","340.48","337.41","470.86","426.92","423.45","271.62","283.81","433.61","461.9","408.73","329.11","","","","","","","","","","","","","","",""
"TOA PAINT","TOA","INVERTER07-100KTL-M2","103.741","397.5","451.29","283.59","224.22","214.49","336.11","349.5","494.67","434.03","438.49","276.08","285.15","440.17","467.53","425.61","331.75","","","","","","","","","","","","","","",""
"TOA PAINT","TOA","INVERTER08-100KTL-M2","119.7","469.58","536.94","345.63","257.66","215.49","389.95","427.13","584.91","525.41","520.8","294.78","307.8","537.79","559.53","520.66","398.57","","","","","","","","","","","","","","",""
"TOA PAINT","TOA","INVERTER09-100KTL-M2","119.7","472.6","533.13","349.34","261.15","220.18","388.52","427.35","591.29","520.05","520.34","295.65","308.04","520.25","557.08","516.57","392.36","","","","","","","","","","","","","","",""
"TOA PAINT","TOA","INVERTER10-100KTL-M2","119.7","438.82","478.84","309.12","257.53","218.21","382.05","372.16","531.9","477.87","477.64","286.57","299.82","483.49","518.8","457.32","363.27","","","","","","","","","","","","","","",""
"TOA PAINT","TOA","INVERTER11-100KTL-M2","119.7","441.42","472.89","310.29","258.95","219.29","382.36","373.25","532.09","476.75","478.2","287.11","300.31","481.41","515.26","458.04","363.96","","","","","","","","","","","","","","",""
"J.Filter 82.94 kWp","J.Filter","INV-ES2590006874","","246.88","297.42","138.54","124.8","183.7","242.13","259.52","308.75","242.83","290.31","226.42","58.67","232.2","272.26","289.61","211.59","","","","","","","","","","","","","","",""
"J.Filter 82.94 kWp","J.Filter","INV-TA2570104651","","114.79","134.01","62.69","58.28","82.09","114.54","114.79","144.18","111.07","131.72","100.13","23.86","103.52","125.49","129.75","94.07","","","","","","","","","","","","","","",""
"JD FOOD","JD FOOD","JDF_100KTL_NO_01","128.04","544.18","628.87","473.93","184.91","170.76","542.41","515.47","501.94","384.24","522.12","194.19","175.92","407.52","520.61","458.89","459.35","","","","","","","","","","","","","","",""
"JD FOOD","JD FOOD","JDF_100KTL_NO_02","128.04","549.35","628.93","475.15","184.37","170.57","542.89","516.77","504.72","383.73","524.26","193.45","175.59","407.8","523.2","459.27","461.59","","","","","","","","","","","","","","",""
"JD FOOD","JD FOOD","JDF_100KTL_NO_03","118.8","502.53","583.1","444.7","182.5","169.24","506.7","473.68","467.95","358.97","486.27","189.78","172.25","378.39","484.9","423.01","425.27","","","","","","","","","","","","","","",""
"JD FOOD","JD FOOD","JDF_100KTL_NO_04","118.8","480.68","548.15","420.29","181.54","168.19","480.99","456.54","434.47","341.64","390.26","187.57","170.05","364.05","457.15","402.61","414.27","","","","","","","","","","","","","","",""
"JD FOOD","JD FOOD","JDF_100KTL_NO_05","118.8","512.86","584.35","434.92","181.69","168.28","492.66","487.54","469.64","355.95","482.95","190.17","172.03","377.65","487.94","430.57","432.19","","","","","","","","","","","","","","",""
"หจก. โรงน้ำแข็งจำนงรัตน์ SolarFarm 371.80kWp.","Jamnongrat Ice Factory","Jn_Inverter01","128.7","411.34","518.68","425.42","271.31","289.4","357.62","169.86","285.29","446.12","393.09","139.21","126.7","487.41","476.14","410.12","400.66","","","","","","","","","","","","","","",""
"หจก. โรงน้ำแข็งจำนงรัตน์ SolarFarm 371.80kWp.","Jamnongrat Ice Factory","Jn_Inverter02","128.7","411.87","519.36","425.87","271.94","290.63","357.57","169.84","284.54","445.27","395.15","139.68","126.86","487.38","476.16","410.07","400.69","","","","","","","","","","","","","","",""
"หจก. โรงน้ำแข็งจำนงรัตน์ SolarFarm 371.80kWp.","Jamnongrat Ice Factory","Jn_Inverter03","114.4","380.8","495.26","376.8","243.1","260.18","323.22","155.01","257.37","411.19","349.17","129.16","122.16","444.28","442.51","381.55","371.28","","","","","","","","","","","","","","",""
"Jipata","Jipata","JPT_36KTL_NO_01","40.5","140.5","147.26","135.55","135.3","20.85","104.45","94.17","90.1","87.98","64.49","143.67","22.16","176.14","165.92","115.49","104.23","","","","","","","","","","","","","","",""
"KKF(KC)_II","KC Ph.2","KC_2.100KTL-NO-01","118.8","330","401.97","265.63","291.82","278.87","339.43","306.19","275.29","387.14","335.96","369.79","365.55","388.81","427.35","472.35","387.46","","","","","","","","","","","","","","",""
"KKF(KC)_II","KC Ph.2","KC_2.100KTL-NO-02","118.8","321.31","424.33","280.53","284.32","275.37","345.28","294.35","275.24","381.98","335.48","373.45","347.3","408.23","407.82","453.09","385.83","","","","","","","","","","","","","","",""
"KKF(KC)_II","KC Ph.2","KC_2.100KTL-NO-04","","329.23","414.98","276.23","294.09","281.19","346.6","305.04","278.89","390.64","339.48","376.57","363.27","401.72","424.85","472.05","391.07","","","","","","","","","","","","","","",""
"KKF(KC)_II","KC Ph.2","KC_2.100KTL-NO-05","118.8","322.04","419.6","276.24","284.62","273.6","339.19","295.59","273.03","381.4","332.32","373.13","352.23","401.14","411.89","455.41","384.11","","","","","","","","","","","","","","",""
"KKF(KC)_II","KC Ph.2","KC_2.100KTL-NO-06","118.8","323.37","430.85","284.25","290.02","280.22","348.23","300.95","279.94","390.27","338.84","380.95","357.56","411.51","416.62","464.19","392.11","","","","","","","","","","","","","","",""
"KKF(KC)_II","KC Ph.2","KC_2.50KTL-NO-03","34.32","103.29","161.29","102.11","97.17","96.32","122.13","100.15","96.64","134.52","115.14","134.01","124.83","156.6","140.09","156.17","145.78","","","","","","","","","","","","","","",""
"KKF(KC)","KC Ph.1","KC_60KTL-NO-01","66","181.8","283.19","175.09","160.93","158.09","207.45","164.69","161.14","226.99","196.12","226.62","208.67","276.55","236.52","261.27","255.45","","","","","","","","","","","","","","",""
"KKF(KC)","KC Ph.1","KC_60KTL-NO-02	","66","183.57","287.34","176.1","161.83","159.83","208.9","166.27","162.3","229.77","197.12","231.16","211.39","281.26","239.71","265.72","258.77","","","","","","","","","","","","","","",""
"KKF(KC)","KC Ph.1","KC_60KTL-NO-03	","66","181.84","282.98","173.48","160.04","158","206.7","164.53","160.3","227.44","195.21","228.3","208.67","277.55","236.67","263.05","255.98","","","","","","","","","","","","","","",""
"KKF(KC)","KC Ph.1","KC_60KTL-NO-04	","66","184.21","274.67","167.87","161.57","157.91","204.61","167.38","159.34","228.22","194.68","226.22","214.97","270.7","240.81","269.17","254.71","","","","","","","","","","","","","","",""
"KKF(KC)","KC Ph.1","KC_60KTL-NO-05	","66","196.84","253.88","154.38","173.86","162.63","203.09","184.88","161.56","239.23","200.32","222.49","246.9","253.69","265.47","299.27","256.46","","","","","","","","","","","","","","",""
"KKF(KC)","KC Ph.1","KC_60KTL-NO-06	","66","197.45","254.17","154.06","174.24","163.01","203.36","185.44","161.69","239.47","200.31","223.25","247.45","254.57","266.01","299.91","257.06","","","","","","","","","","","","","","",""
"KKF(KC)","KC Ph.1","KC_60KTL-NO-07","66","196.22","252.22","152.01","172.55","161.43","201.47","183.6","159.99","237.31","198.34","221.35","244.8","251.87","263.27","297.55","254.82","","","","","","","","","","","","","","",""
"KKF(KC)","KC Ph.1","KC_60KTL-NO-08	","66","191.1","265.38","161.26","168.17","160.84","204.49","176.59","160.97","234.53","197.75","225.69","230.82","263.37","253.41","284.81","256.42","","","","","","","","","","","","","","",""
"KKF(KC)","KC Ph.1","KC_60KTL-NO-09	","66","181.16","285.71","176.54","160.72","158.81","208.28","165","161.97","229.36","196.22","230.98","209.79","281.06","238.95","264.25","258.34","","","","","","","","","","","","","","",""
"KKF(KC)","KC Ph.1","KC_60KTL-NO-10","66","180.91","284.61","175.41","160.41","158.49","207.92","164.69","161.46","228.89","195.67","231.19","209.55","280.97","238.43","263.76","258.07","","","","","","","","","","","","","","",""
"KKF(KC)","KC Ph.1","KC_60KTL-NO-11	","66","191.38","267.64","162.6","168.77","161.4","205.35","177.18","161.64","235.44","198.59","227.07","232.2","265.71","255.13","285.77","257.8","","","","","","","","","","","","","","",""
"KKF(KC)","KC Ph.1","KC_60KTL-NO-12	","66","197.39","261.53","156.69","175.84","164.37","205.3","186.95","163.44","242.09","202.05","225.32","250.48","257.42","269.6","303.37","260.18","","","","","","","","","","","","","","",""
"KKF(KC)","KC Ph.1","KC_60KTL-NO-13","66","196.45","258.45","155.3","174.62","163.25","204.02","185.8","162.25","240.51","200.81","224.16","248.54","255.56","267.33","300.4","257.98","","","","","","","","","","","","","","",""
"KKF(KC)","KC Ph.1","KC_60KTL-NO-14	","66","197.02","256.29","154.48","174.13","163.13","203.59","185.41","161.85","239.77","200.35","223.93","247.86","255.4","266.42","299.78","257.37","","","","","","","","","","","","","","",""
"KKF(KFI)_l","KFI Ph.1","KFI_36KTL_NO_01","42.9","131.23","162.42","132.22","110.11","108.2","126.72","148.64","117.12","163.23","121.91","135.2","162.45","170","130.16","188.06","188.53","","","","","","","","","","","","","","",""
"KKF(KFI)_l","KFI Ph.1","KFI_36KTL_NO_02","42.9","133.9","166.02","134.83","112.06","110.96","129.44","151.92","120.2","166.21","124.36","138.43","165.49","173.29","131.95","190.99","192.02","","","","","","","","","","","","","","",""
"KKF(KFI)_l","KFI Ph.1","KFI_36KTL_NO_03","42.9","133","164.95","134.18","111.47","110.06","128.53","151.01","118.88","164.96","123.26","137.07","164.13","172.51","131.07","189.49","190.36","","","","","","","","","","","","","","",""
"KKF(KFI)_l","KFI Ph.1","KFI_36KTL_NO_04","42.9","133.76","167.2","134.85","111.81","109.56","128.79","151.51","120.22","166.4","123.8","138.03","165.33","174.72","131.8","191.73","191.86","","","","","","","","","","","","","","",""
"KKF(KFI)_l","KFI Ph.1","KFI_36KTL_NO_05","42.9","132.11","158.63","132.95","106.89","107.27","128.87","144.9","118.57","162.22","123.92","132.31","155.67","175.02","128.28","181.5","184.83","","","","","","","","","","","","","","",""
"KKF(KFI)_l","KFI Ph.1","KFI_36KTL_NO_06","42.9","133.39","155.13","133.96","107.2","108.01","129.47","146.02","119.89","163.27","123.91","132.76","153.36","172.23","129.04","179.17","182.23","","","","","","","","","","","","","","",""
"KKF(KFI)_l","KFI Ph.1","KFI_36KTL_NO_07","42.9","132.99","154.68","133.56","106.67","107.59","128.88","145.46","119.66","162.56","123.39","132.51","152.79","171.36","128.51","178.4","181.79","","","","","","","","","","","","","","",""
"KKF(KFI)_l","KFI Ph.1","KFI_36KTL_NO_08","42.9","133.41","155.25","133.88","107","107.76","129.24","145.51","120.14","162.43","123.68","132.82","152.86","171.99","128.62","177.83","181.6","","","","","","","","","","","","","","",""
"KKF(KFI)_l","KFI Ph.1","KFI_36KTL_NO_09","42.9","133.76","155.73","134.36","106.93","107.82","129.55","146.2","120.52","163.03","123.92","133.17","153.44","172.51","128.89","178.7","182.47","","","","","","","","","","","","","","",""
"KKF(KFI)_l","KFI Ph.1","KFI_36KTL_NO_10","42.9","134.6","156.93","135.41","107.69","108.45","130.46","147.13","121.59","164.11","124.68","134.18","154.61","174.36","129.78","179.9","183.62","","","","","","","","","","","","","","",""
"KKF(KFI)_l","KFI Ph.1","KFI_36KTL_NO_11","42.9","134","157.01","134.89","107.44","108.34","130.28","147.3","121.68","163.88","124.73","134.25","154.4","174.38","129.67","179.95","183.19","","","","","","","","","","","","","","",""
"KKF(KFI)_l","KFI Ph.1","KFI_36KTL_NO_12","42.9","133.33","155.75","134.18","106.1","106.86","128.54","145.49","119.44","160.41","121.62","131.6","151.62","172.09","125.87","177","179.76","","","","","","","","","","","","","","",""
"KKF(KFI)_l","KFI Ph.1","KFI_36KTL_NO_13","42.9","132.54","155.13","132.97","105.29","105.22","127.85","144.07","118.03","158.64","120.89","130.55","151.38","171.78","125.53","176.9","178.28","","","","","","","","","","","","","","",""
"KKF(KFI)_l","KFI Ph.1","KFI_36KTL_NO_14","42.9","133.12","155.36","134.26","106.5","107.32","129.71","145.73","120.21","161.71","123.1","132.17","152.97","173.25","128.13","178.32","180.15","","","","","","","","","","","","","","",""
"KFI Phase 2","KFI Ph.2","KFI_ll_100KTL_NO_02","104.16","344.99","428.18","349.56","275.71","274.76","332.87","374.27","309.73","418.72","342.84","342.99","403.56","468.19","333.38","471.65","482.2","","","","","","","","","","","","","","",""
"KFI Phase 2","KFI Ph.2","KFI_ll_100KTL_NO_03","89.505","275.5","339.37","279.42","221.84","220.9","267.22","299.46","249.05","336.05","273.82","273.56","320.11","374.36","265.11","374.91","383.11","","","","","","","","","","","","","","",""
"KFI Phase 2","KFI Ph.2","KFI_ll_100KTL_NO_04","89.505","270.44","333.75","274.14","216.34","215.97","262.71","295.12","243.96","330.92","270.45","270.38","315.99","368.56","261.79","369.44","377.68","","","","","","","","","","","","","","",""
"KFI Phase 2","KFI Ph.2","KFI_ll_60KTL_NO_01","58.59","191.06","232.59","192.28","150.61","150.42","183.78","206.19","169.97","228.94","188.56","186.98","219.68","258.19","181.31","257.8","262.92","","","","","","","","","","","","","","",""
"คลัง KKF","Warehouse KKF","","105.6","292.11","320.75","252.74","255.32","99.43","303.65","268.38","253.89","361.83","302.95","320.46","93.36","356.6","349.48","401.83","356.89","","","","","","","","","","","","","","",""
"KU-THONG","KU-THONG","KT_100KTL_NO_01","94.5","252.77","339.5","201.36","157.32","198.64","222.46","174.16","174","266.58","259.35","200.11","182.96","304.27","255.15","296.26","295.11","","","","","","","","","","","","","","",""
"KU-THONG","KU-THONG","KT_100KTL_NO_02","94.5","279.25","367.27","217.26","169.52","213.34","238.81","190.3","188.01","285.89","281.66","213.08","207.28","324.18","273.31","324.14","318.21","","","","","","","","","","","","","","",""
"KU-THONG","KU-THONG","KT_100KTL_NO_03","63","191.15","249.55","144.54","117.28","139.31","159.42","131.57","123.94","192.31","185.12","143.76","143.45","222.96","185.45","222.7","219.3","","","","","","","","","","","","","","",""
"KU-THONG","KU-THONG","KT_60KTL_NO_04","56.7","171.56","227.29","130.39","101.38","127.8","144.26","115.75","112.95","173.56","172.65","130.53","128.35","205.07","168.79","201.6","198.76","","","","","","","","","","","","","","",""
"KANTANG 1","KANTANG Ph.1","KT100KTL-M2-COM1-1","133","116.5","130.37","378.16","366.94","461.65","466.74","445.46","450.7","257.81","430.76","439.68","409.55","178.15","302.05","102.56","200.02","","","","","","","","","","","","","","",""
"KANTANG 1","KANTANG Ph.1","KT100KTL-M2-COM1-2","133","78.9","88.76","259.87","270.01","319.98","319.86","309.59","313.65","174.83","299.51","307.76","281.64","122.11","214.74","69.66","132.6","","","","","","","","","","","","","","",""
"KANTANG 1","KANTANG Ph.1","KT100KTL-M2-COM1-3","133","74.7","83.68","198.05","239.34","238.57","235.82","241.44","259.05","169.13","244.52","249.38","233.5","116.02","195.02","66.11","133.05","","","","","","","","","","","","","","",""
"KANTANG 1","KANTANG Ph.1","KT100KTL-M2-COM1-4","133","50.52","56.7","132.35","162.05","156.27","155.89","159.21","169.61","110.61","162.18","165.11","150.55","76.65","128.62","44.58","85.94","","","","","","","","","","","","","","",""
"KANTANG 2","KANTANG Ph.2","KT2_100KTL-M2-COM1-1","130.34","63.83","74.06","185.33","235.44","225.87","229.79","224.57","244.35","157.25","230.14","237.82","212.52","97.03","166.53","54.45","123.89","","","","","","","","","","","","","","",""
"KANTANG 2","KANTANG Ph.2","KT2_100KTL-M2-COM1-2","130.34","63.58","73.24","183.12","232.04","222.59","223.28","221.23","240","156.79","225.41","236.74","206.98","94.27","162.02","51.97","120.87","","","","","","","","","","","","","","",""
"KANTANG 2","KANTANG Ph.2","KT2_100KTL-M2-COM1-3","130.34","106.32","120.62","297.69","371.04","361.62","367.6","359.91","389.51","252.42","372.91","385.26","345.59","162.63","275.26","92.81","209.43","","","","","","","","","","","","","","",""
"KANTANG 2","KANTANG Ph.2","KT2_100KTL-M2-COM1-4","","6.53","7.89","20.72","24.46","24.87","25.28","23.96","24.93","16.3","25.32","26.02","21.66","10.77","19.48","5.47","13.99","","","","","","","","","","","","","","",""
"KANTANG 2","KANTANG Ph.2","KT2_100KTL-M2-COM1-5","","0","0","0","0","0","0","0","0","0","0","0","0","0","0","0","0","","","","","","","","","","","","","","",""
"KANTANG 1","KANTANG Ph.1","KT50KTL-M2-COM1-5","53.2","18.44","20.84","56.38","66.87","66.05","64.4","65.68","70.65","41.67","65.5","67.87","62.46","28.78","49.34","15.56","29.9","","","","","","","","","","","","","","",""
"KINGWATER GROUP 241.92 kWp","King Water GROUP","KWInverter(COM1-12)","54.72","262.84","238.38","209.37","149.65","212.88","208.21","256.92","259.31","236.76","248.58","239.61","233.59","229.47","219.21","214.5","198.8","","","","","","","","","","","","","","",""
"KINGWATER GROUP 241.92 kWp","King Water GROUP","KWInverter(COM1-13)","172.8","895.99","835.88","735.22","511.74","743.36","703.76","900.21","890.31","808.98","790.19","818.89","641.67","772.34","651.33","715.87","683.4","","","","","","","","","","","","","","",""
"KWM","KWM Ph.1","KWM_100KTL_NO_01 P1","105.6","267.32","245.24","286.37","293.92","255.05","297.82","315.8","247.89","385.62","324.12","274.5","390.68","375.17","330.73","23.41","445.68","","","","","","","","","","","","","","",""
"KWM","KWM Ph.1","KWM_100KTL_NO_02 P1","111.6","283.79","273.11","316.52","303.82","272.86","328.67","317.48","265.87","405.86","345.04","293.85","388.12","415.12","342.11","24.38","479.69","","","","","","","","","","","","","","",""
"KWM","KWM Ph.1","KWM_100KTL_NO_03 P1","110.8","289.28","247.56","310.78","315.97","277.82","324.89","335.07","269.45","410.79","350.45","289.01","408.35","385.32","349.76","17.18","474.11","","","","","","","","","","","","","","",""
"KWM","KWM Ph.3","KWM_100KTL-NO-04 P1","103.68","269.89","244.59","284.73","294.44","254.59","297.33","316.5","248.29","386.63","325.38","274.01","394.87","373.58","333.3","28.27","451.32","","","","","","","","","","","","","","",""
"KWM","KWM Ph.2","KWM_100KTL-NO-05 P2","103.68","266.65","251.57","294.44","288.08","253.9","299.8","308.88","249.15","385.63","324.89","276.59","384.42","387.09","327.27","27.61","449.81","","","","","","","","","","","","","","",""
"KWM","KWM Ph.2","KWM_100KTL-NO-06 P2","103.68","264.73","257.37","301.51","283.39","253.52","305.08","300.81","250.09","386.44","324.22","279.37","372.17","400.21","322.81","27.84","448.21","","","","","","","","","","","","","","",""
"KWM","KWM Ph.2","KWM_100KTL-NO-07 P2","111.6","282.02","251.04","316.92","304.21","272.21","329.08","317.59","267.81","406.33","346.16","289.16","383.52","399.74","338.72","18.98","461.66","","","","","","","","","","","","","","",""
"KWM","KWM Ph.2","KWM_100KTL-NO-08 P2","105.6","268.88","248.82","288.39","295.84","257.19","299.52","317.68","249.41","388.25","326.95","276.11","391.44","376.92","332.2","26.2","449.91","","","","","","","","","","","","","","",""
"KWM","KWM Ph.3","KWM_100KTL-NO-09 P3","34.56","89.94","85.86","98.72","96.18","84.36","100.36","104.06","82.69","131.39","108.65","93.73","132","133.99","111.28","37.93","150.77","","","","","","","","","","","","","","",""
"KWM","KWM Ph.1","KWM_36KTL-NO-10 P3","","","","","","","","","","","","","","","","","","","","","","","","","","","","","","","",""
"Loapattana","Loapattana","LPT_60KTL_NO_01","59.52","172.81","230.7","150.86","117.5","118.47","170.98","98.15","111.12","175.44","148.05","105.69","163.32","170.51","181.99","217.55","210.61","","","","","","","","","","","","","","",""
"Loapattana","Loapattana","LPT_60KTL_NO_02","59.52","197.2","243.39","181.6","145.95","147.16","206.48","123.26","135.88","202.46","178.35","129.34","184.14","184.45","205.03","238.73","229.13","","","","","","","","","","","","","","",""
"LUANGSIRI RUBBER Phase 1","Luangsiri Ph.1","LUANG_100KTL_NO_01","123.2","277.89","326.18","59.8","227.96","307.64","126.54","157.71","387.43","366.02","","24.93","","","164.8","","","","","","","","","","","","","","","","",""
"LUANGSIRI RUBBER Phase 1","Luangsiri Ph.1","LUANG_100KTL_NO_02","114.95","252.86","298.33","58.13","205.76","278.19","112.16","139.04","353.78","334.06","","21.49","","","149.03","","","","","","","","","","","","","","","","",""
"LUANGSIRI RUBBER Phase 1","Luangsiri Ph.1","LUANG_100KTL_NO_03","108.35","260.77","307.51","59.73","213.49","287.1","114.86","141.67","364.32","352.04","","22.43","","","154.49","","","","","","","","","","","","","","","","",""
"LUANGSIRI RUBBER Phase 1","Luangsiri Ph.1","LUANG_100KTL_NO_04","115.5","185.13","195.36","59.84","169.99","183.05","104.23","143.38","199.85","200.1","","23.89","","","96.46","","","","","","","","","","","","","","","","",""
"LUANGSIRI RUBBER Phase 2","Luangsiri Ph.2","LUANG_100KTL_NO_06","","416.97","479.43","90.52","339.65","463.09","186.42","218.61","556.43","486.37","","34.29","","","227.59","","","","","","","","","","","","","","","","",""
"LUANGSIRI RUBBER Phase 2","Luangsiri Ph.2","LUANG_100KTL_NO_07","","409.44","479.18","90.49","339.39","461.19","181.81","217.41","573.1","522.63","","36.72","","","210.92","","","","","","","","","","","","","","","","",""
"LUANGSIRI RUBBER Phase 2","Luangsiri Ph.2","LUANG_100KTL_NO_08","","261.64","310.65","59.81","216.31","294","111.65","133.34","368.1","344.53","","22.68","","","119.71","","","","","","","","","","","","","","","","",""
"LUANGSIRI RUBBER Phase 1","Luangsiri Ph.1","LUANG_50KTL_NO_05","66","117.7","143.83","29.79","100.96","135.21","53.73","66.31","168.7","166.2","","10.3","","","72.09","","","","","","","","","","","","","","","","",""
"Offline LUANGSIRI RUBBER","LUANGSIRI RUBBER Offline ","LUANG_Test_NO_01","","","","","","","","","","","","","","","","","","","","","","","","","","","","","","","",""
"Offline LUANGSIRI RUBBER","LUANGSIRI RUBBER Offline ","LUANG_Test_NO_02","","","","","","","","","","","","","","","","","","","","","","","","","","","","","","","",""
"Offline LUANGSIRI RUBBER","LUANGSIRI RUBBER Offline ","LUANG_Test_NO_03","","","","","","","","","","","","","","","","","","","","","","","","","","","","","","","",""
"Offline LUANGSIRI RUBBER","LUANGSIRI RUBBER Offline ","LUANG_Test_NO_04","","","","","","","","","","","","","","","","","","","","","","","","","","","","","","","",""
"Offline LUANGSIRI RUBBER","LUANGSIRI RUBBER Offline ","LUANG_Test_NO_05","","","","","","","","","","","","","","","","","","","","","","","","","","","","","","","",""
"MEKTEC","MEKTEC","Mektec50KTL-M3 C1","47.88","227.74","196.42","215.04","148.62","192.24","214.21","198.61","214.94","209.44","206.43","199.69","189.51","192.09","152","212.45","216.53","","","","","","","","","","","","","","",""
"MEKTEC","MEKTEC","Mektec50KTL-M3 C2","47.88","221.78","192.25","213.57","144.43","187.93","209.33","193.63","213.07","205.03","203.24","194.9","186.57","189.65","150.72","208.41","214.31","","","","","","","","","","","","","","",""
"MEKTEC","MEKTEC","Mektec50KTL-M3 C3","47.88","227.68","196.42","216.43","147.81","192.56","213.7","198.35","218.26","208.85","207.78","198.5","189.5","192.83","152.8","212.11","218.44","","","","","","","","","","","","","","",""
"MEKTEC","MEKTEC","Mektec50KTL-M3 C4","47.88","221.57","193.06","207.78","147.01","187.25","209.11","193.82","206.13","203.34","201.34","193.97","187.37","189.21","149.56","208.97","216.63","","","","","","","","","","","","","","",""
"MEKTEC","MEKTEC","Mektec50KTL-M3 C5","47.88","224.83","194.12","215.32","148.16","191.21","213.05","197.6","213.05","207.13","204.13","198.77","187.85","192.07","152.48","210.47","217.69","","","","","","","","","","","","","","",""
"MEKTEC","MEKTEC","Mektec50KTL-M3 C6","47.88","223.84","193.11","213.94","146.41","188.67","211.36","194.03","213.02","205.67","202.65","197.43","186.52","190.34","152.06","209.46","216.68","","","","","","","","","","","","","","",""
"MEKTEC","MEKTEC","Mektec50KTL-M3 C7","47.88","228.47","194.45","209.17","149.81","189.25","212.8","197.14","214.82","205.3","205.82","197.06","188.01","192.99","152.97","211.94","221.66","","","","","","","","","","","","","","",""
"Nachitec","Nachitec Ph.1","Nachite_100KTL_NO_01","116.64","353.72","532.42","354.2","153.87","213.03","110.34","204.53","246.9","263.89","279.76","170.22","216.73","106.42","385.68","424.64","446.98","","","","","","","","","","","","","","",""
"Nachitec","Nachitec Ph.1","Nachite_100KTL_NO_02","116.64","343.32","521.89","352.89","154.61","213.57","110.58","205.84","248.42","264.62","281.21","171.26","217.58","106.38","386.88","425.57","448.05","","","","","","","","","","","","","","",""
"Nachitec","Nachitec Ph.1","Nachite_100KTL_NO_03","116.64","355.35","538.39","356.17","155.44","214.76","110.84","206.54","249.17","266.09","283.77","171.78","218.27","106.4","388.67","428.86","451.67","","","","","","","","","","","","","","",""
"Nachitec","Nachitec Ph.1","Nachite_100KTL_NO_04","116.64","361.67","538.93","356.45","156.25","214.54","110.81","205.71","248.91","265.54","282.38","171.05","218.15","106.41","387.75","425.74","449.4","","","","","","","","","","","","","","",""
"Nachitec","Nachitec Ph.1","Nachite_100KTL_NO_05","116.64","354.92","539.23","361.01","157","215.81","110.79","207.13","249.98","267.08","284.41","171.63","219.04","106.36","389.21","428.43","452.94","","","","","","","","","","","","","","",""
"Nachitec","Nachitec Ph.1","Nachite_100KTL_NO_06","116.64","355.33","548.13","366.12","159.16","217.49","111.46","209.33","252.55","269.46","287.71","174.38","222.04","106.83","393.31","431.11","456.99","","","","","","","","","","","","","","",""
"Nachitec","Nachitec Ph.1","Nachite_100KTL_NO_07","116.64","355.6","540.01","355.65","157.23","215.87","111.25","207.48","250.98","267.03","284.1","171.99","219.32","106.46","389.63","428.34","453.72","","","","","","","","","","","","","","",""
"Nachitec","Nachitec Ph.1","Nachite_100KTL_NO_08","116.64","352.76","540.03","360.71","157.3","216.15","110.9","208.35","251.71","268.38","286.39","172.95","221.42","106.42","391.52","428.85","456.39","","","","","","","","","","","","","","",""
"Nachitec","Nachitec Ph.2","Nachite_100KTL_P2_01","","314.11","473.55","306.34","131.39","183.43","103.95","174.97","213.18","225.7","235.76","146.06","186.39","104.01","332.85","365.93","385.7","","","","","","","","","","","","","","",""
"Nachitec","Nachitec Ph.2","Nachite_100KTL_P2_02","","332.55","506.24","349.68","151.94","209.66","42.69","202.15","243.73","259.37","272.28","168.32","214.7","106.69","380.18","412.27","438.44","","","","","","","","","","","","","","",""
"Nachitec","Nachitec Ph.2","Nachite_100KTL_P2_03","","258.05","417.37","270.5","116.64","162.7","99.41","157.51","191.08","200.26","214.73","130.35","166.77","102.89","298.64","324.65","344.62","","","","","","","","","","","","","","",""
"วิทยาลัยเทคโนโลยีภาคตะวันออกเฉียงเหนือ","North Eastern Technological College","Inverter(COM1-1)","154.44","526.01","561.25","510.64","304.08","446.86","597.72","514.9","485.89","719.98","596.96","360.56","623.83","785.52","698.36","817.28","837.1","","","","","","","","","","","","","","",""
"KKF(NR_B)","NR_B","NR_B_33KTL_NO_02","34.1","64","76.92","64.52","52.16","51.84","62.44","71.28","57.96","78.24","64.68","64.12","74.92","85.84","61.64","88.92","90.2","","","","","","","","","","","","","","",""
"KKF(NR_B)","NR_B","NR_B_33KTL_NO_03","34.1","105.68","126.76","106.68","86.76","86.16","103.68","117.04","96.16","129","107.48","106.92","124.32","141.2","102.76","145.44","147.8","","","","","","","","","","","","","","",""
"KKF(NR_B)","NR_B","NR_B_33KTL_NO_04","34.1","107.48","129.84","108.84","88.36","87.8","105.68","119.48","98.44","131.88","109.68","108.96","126.52","144.2","104.96","148.64","151.24","","","","","","","","","","","","","","",""
"KKF(NR_B)","NR_B","NR_B_33KTL_NO_05","34.1","109.16","130.88","109.84","89.48","89.16","106.6","120.64","99.52","133.52","111.04","110.36","128.08","145.2","106.32","149.72","152.36","","","","","","","","","","","","","","",""
"KKF(NR_B)","NR_B","NR_B_33KTL_NO_06","34.1","109","130.96","109.84","89.4","89.16","106.8","120.76","99.48","133.76","111.08","110.16","127.84","145.16","106.2","149.64","152.44","","","","","","","","","","","","","","",""
"KKF(NR_B)","NR_B","NR_B_33KTL_NO_07","34.1","108.88","129.96","109.36","88.6","88.64","105.96","119.48","98.84","132.36","110.2","109.64","126.6","144.4","105.32","148.76","151.48","","","","","","","","","","","","","","",""
"KKF(NR_B)","NR_B","NR_B_33KTL_NO_08","34.1","108.72","129.72","109.32","89.08","88.84","106.4","120.08","99.12","132.96","110.68","109.64","127.04","144.44","105.76","148.92","151.56","","","","","","","","","","","","","","",""
"KKF(NR_B)","NR_B","NR_B_33KTL_NO_09","34.11","108.32","129.56","109.56","88.32","88.28","106","119.6","98.6","132.36","110.36","109.28","126.12","144.24","105","148.44","151.6","","","","","","","","","","","","","","",""
"KKF(NR_B)","NR_B","NR_B_33KTL_NO_10","34.11","110.76","132.36","111.44","90.16","90.52","108.32","122.28","100.64","135.2","112.44","111.28","129.04","146.8","107.32","151.12","154.52","","","","","","","","","","","","","","",""
"KKF(NR_B)","NR_B","NR_B_33KTL_NO_11","34.1","","","","","","","","","","","","","","","","","","","","","","","","","","","","","","",""
"KKF(NR_B)","NR_B","NR_B_33KTL-NO-01","20.44","192.38","230.21","193.89","156.5","156.4","188.17","213.41","174.68","235.01","195.48","194.68","224.42","257.4","186.35","265.25","269.11","","","","","","","","","","","","","","",""
"KKF(NR_F)","NR_F","NR_F_33KTL_NO_17","35.75","115.68","136.64","116.76","89.32","90.76","112.56","121.4","104.2","138.96","117.12","111.88","129.56","158.52","109.76","151.24","158.36","","","","","","","","","","","","","","",""
"KKF(NR_F)","NR_F","NR_F_33KTL_NO_18","35.75","115.76","136.4","116.4","89.76","91.12","113.44","122.08","104.72","139.28","117.84","112.52","129.56","158.12","110.36","151.52","158.48","","","","","","","","","","","","","","",""
"KKF(NR_F)","NR_F","NR_F_33KTL_NO_19","35.75","113.8","132.32","115.32","89.36","90.48","111.12","121.8","102.92","138.28","115.44","111.44","128.6","152.84","108.96","150.88","156.56","","","","","","","","","","","","","","",""
"KKF(NR_F)","NR_F","NR_F_33KTL_NO_20","35.75","114.56","133.16","116.28","92.28","93.04","112.28","124.72","103.88","140.8","117.12","114.32","132.4","149.4","110.92","154.32","158","","","","","","","","","","","","","","",""
"KKF(NR_F)","NR_F","NR_F_36KTL_NO_01","42.9","133.45","157.26","134.6","107.17","107.94","130.02","146.03","119.08","163.4","135","132.74","154.91","175.21","129.06","180.92","184.38","","","","","","","","","","","","","","",""
"KKF(NR_F)","NR_F","NR_F_36KTL_NO_02","42.9","132.24","153.2","133.04","106.05","106.91","128.39","144.67","118.69","161.8","133.57","131.71","151.93","171.15","127.86","177.53","181.15","","","","","","","","","","","","","","",""
"KKF(NR_F)","NR_F","NR_F_36KTL_NO_03","42.9","132.87","153.98","133.47","106.51","107.53","128.9","145.19","119.47","162.27","134.24","132.27","152.44","171.7","128.37","177.59","181.61","","","","","","","","","","","","","","",""
"KKF(NR_F)","NR_F","NR_F_36KTL_NO_04","42.9","133.02","154.39","133.59","106.66","107.65","129.11","145.21","119.53","161.89","134","132.27","152.35","171.4","128.09","177.09","181.2","","","","","","","","","","","","","","",""
"KKF(NR_F)","NR_F","NR_F_36KTL_NO_05","42.9","131.95","153.69","132.5","105.68","106.88","128.19","144.58","119.08","161.09","133.3","131.78","151.61","171.02","127.58","176.46","180.66","","","","","","","","","","","","","","",""
"KKF(NR_F)","NR_F","NR_F_36KTL_NO_06","42.9","132.53","154.67","133.15","105.73","107.11","128.69","145.09","119.55","161.67","133.87","132.52","152.56","171.89","127.99","177.4","181.28","","","","","","","","","","","","","","",""
"KKF(NR_F)","NR_F","NR_F_36KTL_NO_07","42.9","132.91","154.89","133.81","106.83","108.15","129.51","145.48","120.25","161.53","134.06","132.78","152.8","171.93","128.5","177.34","180.59","","","","","","","","","","","","","","",""
"KKF(NR_F)","NR_F","NR_F_36KTL_NO_08","42.9","132.69","153.57","133.97","106.28","107.36","129.36","145.35","118.92","163.01","134.18","132.23","153.41","172.59","128.21","178.73","182.25","","","","","","","","","","","","","","",""
"KKF(NR_F)","NR_F","NR_F_36KTL_NO_09","42.9","132.35","152.6","133.42","105.93","107.02","128.82","145.01","118.84","162.51","133.92","132.19","152.68","172.05","127.9","178.11","182.13","","","","","","","","","","","","","","",""
"KKF(NR_F)","NR_F","NR_F_36KTL_NO_10","42.9","132.99","153.87","134.14","106.73","107.92","129.64","145.71","120.09","163.18","134.73","132.84","153.19","172.81","128.81","178.34","182.58","","","","","","","","","","","","","","",""
"KKF(NR_F)","NR_F","NR_F_36KTL_NO_11","42.9","132.54","153.46","133.52","106.5","107.54","129.23","145.2","119.8","162.53","134.18","132.48","152.68","172.11","128.18","177.64","181.81","","","","","","","","","","","","","","",""
"KKF(NR_F)","NR_F","NR_F_36KTL_NO_12","42.9","132.46","153.53","133.29","106.61","107.59","129.17","144.85","119.92","162.12","133.78","132.42","152.39","171.89","128.07","177.28","181.42","","","","","","","","","","","","","","",""
"KKF(NR_F)","NR_F","NR_F_36KTL_NO_13","42.9","130.64","152.33","131.46","104.53","105.56","127.41","143.86","118.26","160.5","131.95","130.9","150.98","171.15","126.31","175.98","180.19","","","","","","","","","","","","","","",""
"KKF(NR_F)","NR_F","NR_F_36KTL_NO_14","42.9","130.86","156.95","131.07","104.1","105.57","126.4","145.32","117.8","161.15","131.71","132.39","154.58","175.55","126.91","180.08","184.21","","","","","","","","","","","","","","",""
"KKF(NR_F)","NR_F","NR_F_36KTL_NO_15","42.9","130.59","156.02","131.12","105.31","104.68","124.9","144.71","118.21","161.23","131.23","132.42","154.46","175.42","127","180.69","183.24","","","","","","","","","","","","","","",""
"KKF(NR_F)","NR_F","NR_F_36KTL_NO_16","42.9","135.22","158.71","136.66","105.54","107.46","132.57","145.11","121.36","164.18","137.72","132.98","154.27","183.49","129.98","180.67","186.61","","","","","","","","","","","","","","",""
"NR Phase 3","NR Ph. 3","NR_lll_100KTL_NO_01","100.44","334.68","402.15","341.89","260.24","261.93","323.16","358.86","303.72","400.9","334.37","325.48","372.53","461.92","313.03","446.29","459.26","","","","","","","","","","","","","","",""
"NR Phase 3","NR Ph. 3","NR_lll_100KTL_NO_02","100.44","333.21","402.38","341.64","261.89","263.59","322.88","359.31","306.34","401.21","337.34","329.43","371.47","459.56","316.56","443.91","456.7","","","","","","","","","","","","","","",""
"NR Phase 3","NR Ph. 3","NR_lll_100KTL_NO_03","100.44","333.31","400.55","337.63","258.99","261.6","321.07","357.93","303.39","398.39","335.06","325.28","373.2","453.76","313.29","443.24","454.32","","","","","","","","","","","","","","",""
"NR PHASE 4","NR Ph. 4","NR-4_100KTL_NO_01","117.792","184.86","382.27","333.08","311.72","307.29","343.97","381.51","319.42","424.18","365.03","360.28","347.37","362.25","353.94","403.42","356.28","","","","","","","","","","","","","","",""
"NR PHASE 4","NR Ph. 4","NR-4_100KTL_NO_02","117.72","186.85","368.38","337.95","295.73","299.96","353.66","366.75","322.41","418.92","370.17","347.98","333.05","387.34","346.08","382.93","337.85","","","","","","","","","","","","","","",""
"NR PHASE 4","NR Ph. 4","NR-4_100KTL_NO_03","117.72","181.78","372.16","330.24","304.31","298.85","341.42","375.05","312.98","413.49","355.2","345.85","335.92","360.98","339.86","391.26","345.07","","","","","","","","","","","","","","",""
"NR PHASE 4","NR Ph. 4","NR-4_100KTL_NO_04","117.72","186.19","370.16","335.34","298.65","300.76","349.2","368.58","320.19","418.92","367.69","351.36","334.52","379.89","349.61","387.43","342.89","","","","","","","","","","","","","","",""
"NR PHASE 4","NR Ph. 4","NR-4_100KTL_NO_05","117.72","185.89","376.47","335.49","305.03","304.68","351.24","375.26","320.74","422.28","368.59","352.13","339.3","374.84","350.34","392.78","347.41","","","","","","","","","","","","","","",""
"NR PHASE 4","NR Ph. 4","NR-4_100KTL_NO_06","117.72","203.37","404.45","370.56","329.56","332.48","388.15","405.84","352.52","460","407.16","386.59","366.41","415.26","384.86","419.51","372.2","","","","","","","","","","","","","","",""
"NR PHASE 4","NR Ph. 4","NR-4_36KTL_NO_09","47.088","62.06","122.16","111.86","94.8","94.43","114.55","119.77","104.24","137.35","120.96","112.79","108.95","130.67","112.24","127.09","112.66","","","","","","","","","","","","","","",""
"NR-FRAM","NR Farm","NR-Farm60KTL-NO-01","66","117.94","131.8","132.38","115.72","73.58","82.65","135.69","122.59","156.45","138.18","139.26","138.7","158.35","133.84","176.68","171.81","","","","","","","","","","","","","","",""
"NR-FRAM","NR Farm","NR-Farm60KTL-NO-02","66","118.99","132.82","134.13","117.11","74.03","82.96","136.5","123.78","157.32","139.64","140.44","139.72","160.06","135.39","178.4","172.81","","","","","","","","","","","","","","",""
"N-TEQ","Ntec Ph.1","Nteq_100KTL_NO_01","116.64","256.36","412.16","287.44","124.26","168.56","65.55","158.3","193.43","208.53","243.17","156.54","67.59","323.11","349.99","407","410.57","","","","","","","","","","","","","","",""
"N-TEQ","Ntec Ph.1","Nteq_100KTL_NO_02","103.68","255.95","409.96","284.06","123.03","165.06","64.84","154.57","187.25","200.27","242.94","156.4","67.81","321.11","349.24","407.36","410.79","","","","","","","","","","","","","","",""
"N-TEQ","Ntec Ph.1","Nteq_100KTL_NO_03","116.64","252.1","401.86","277.88","119.43","161.05","63.98","151.52","188","227.63","255.59","161.23","67.81","324.76","352.76","411.95","414.49","","","","","","","","","","","","","","",""
"N-TEQ","Ntec Ph.1","Nteq_100KTL_NO_04","116.64","250.19","400.23","277.89","120.34","161.29","64.21","150.57","190.58","237.89","254.75","160.97","67.58","325.46","353","411.92","414.18","","","","","","","","","","","","","","",""
"N-TEQ","Ntec Ph.1","Nteq_100KTL_NO_05","103.68","251.61","399.86","277.79","120.3","161.53","64.13","151.55","192.6","239.17","256.16","161.33","68.22","328.09","355.51","415.58","417.93","","","","","","","","","","","","","","",""
"N-TEQ","Ntec Ph.1","Nteq_100KTL_NO_06","116.64","267.62","428.38","301.81","131.26","175.41","66.88","166.22","210.42","244.18","260","164.47","68.82","330.68","356.37","416.87","420.7","","","","","","","","","","","","","","",""
"N-TEQ","Ntec Ph.1","Nteq_100KTL_NO_07","116.64","274.66","437.86","308.43","135.08","181.15","67.75","167.56","221.73","248.75","263.23","167.12","68.73","329.72","356.97","416.1","419.42","","","","","","","","","","","","","","",""
"N-TEQ","Ntec Ph.1","Nteq_100KTL_NO_08","116.64","267.17","427.57","300.29","130.27","174.83","67.44","188.41","231.83","250.33","270.86","169.74","68.39","331.47","358.73","418.24","423.29","","","","","","","","","","","","","","",""
"N-TEQ","Ntec Ph.1","Nteq_100KTL_NO_09","116.64","237.43","371.33","259.56","112.83","150.91","62.96","140.81","200.53","220.59","233.43","145.56","66.32","290.21","315.47","366.02","370.17","","","","","","","","","","","","","","",""
"N-TEQ","Ntec Ph.1","Nteq_100KTL_NO_10","116.64","227.92","354.74","244.5","106.53","142.32","61.81","133.08","194.8","216.11","228.61","145.2","66.27","290.9","316.58","368.49","372.59","","","","","","","","","","","","","","",""
"N-TEQ","Ntec Ph.1","Nteq_100KTL_NO_11","103.68","242.81","382.28","269.49","116.75","156.06","63.58","145.81","200.08","219.29","232.53","146.49","65.84","288.3","314.79","366.31","371.27","","","","","","","","","","","","","","",""
"N-TEQ","Ntec Ph.1","Nteq_100KTL_NO_12","116.64","253.35","397.65","280.7","122.09","163.04","65.59","154.31","206.59","224.07","238.43","151.72","67.07","293.77","320.15","371.62","375.19","","","","","","","","","","","","","","",""
"N-TEQ","Ntec Ph.1","Nteq_100KTL_NO_13","116.64","247.4","388.46","270.88","117.83","157.16","63.77","148.85","208.53","223.99","238.04","151.93","66.44","294.64","321.63","372.06","376.61","","","","","","","","","","","","","","",""
"N-TEQ","Ntec Ph.1","Nteq_100KTL_NO_14","103.68","286.9","460.3","325.2","142.3","190.99","69.09","194.24","234.5","252.86","278.3","171.85","68.2","330.65","357.51","416.28","420.52","","","","","","","","","","","","","","",""
"N-TEQ","Ntec Ph.1","Nteq_100KTL_NO_15","116.64","280.12","452.65","318.76","138.93","185.75","68.26","193.58","233.9","254.33","278.9","170.94","67.97","329.93","358.02","414.63","419.07","","","","","","","","","","","","","","",""
"N-TEQ","Ntec Ph.1","Nteq_100KTL_NO_16","116.64","258.37","406.2","284.38","123.74","165.76","66.82","195.26","235.72","257.94","279.91","172.54","68.8","331.05","358.22","415.79","420.54","","","","","","","","","","","","","","",""
"N-TEQ","Ntec Ph.1","Nteq_100KTL_NO_17","103.68","264.98","419.22","295","128.61","171.5","66.88","193.88","235.38","259.29","280.41","172.29","68.53","331.26","358.74","415.49","420.25","","","","","","","","","","","","","","",""
"N-TEQ","Ntec Ph.1","Nteq_100KTL_NO_18","116.64","258.42","405.95","286.42","123.46","166.3","65.25","172.68","208.85","231.92","249.16","152.79","66.18","294.7","321.01","370.06","374.73","","","","","","","","","","","","","","",""
"N-TEQ","Ntec Ph.1","Nteq_100KTL_NO_19","103.68","250.41","389.78","273.32","119.1","159.76","65.51","171.26","208.62","234.35","251.35","154.95","67.07","296.47","321.56","369.35","375.29","","","","","","","","","","","","","","",""
"N-TEQ","Ntec Ph.1","Nteq_100KTL_NO_20","116.64","244.71","381.13","268.14","116.53","156.51","64.21","171.21","210.58","235.06","253.09","154.26","66.65","298.43","325.63","374.14","379.63","","","","","","","","","","","","","","",""
"N-TEQ","Ntec Ph.1","Nteq_100KTL_NO_21","103.68","270.45","425.56","302.13","131.68","177.66","66.84","172.91","209.22","231.44","248.37","153","66.26","292.64","319.23","367.65","372.29","","","","","","","","","","","","","","",""
"N-TEQ","Ntec Ph.1","Nteq_100KTL_NO_22","116.64","268.05","420.77","298.05","129.8","175.47","66.95","174.06","212.45","229.89","249.71","153.34","66.51","293.58","320.29","369.33","374.44","","","","","","","","","","","","","","",""
"N-TEQ","Ntec Ph.1","Nteq_100KTL_NO_23","116.64","292.82","469.11","336.53","145.97","197.16","69.82","192.2","235.26","255.99","278.58","171.3","68.2","328.11","356.91","414.14","418.85","","","","","","","","","","","","","","",""
"N-TEQ","Ntec Ph.1","Nteq_100KTL_NO_24","103.68","256.79","402.73","283.99","122.75","165.37","65.12","165.17","210.22","226.64","248.77","152.46","66.13","293.5","321.11","370.41","375.09","","","","","","","","","","","","","","",""
"N-TEQ","Ntec Ph.1","Nteq_100KTL_NO_25","103.68","281.87","449.45","320.88","138.46","187.13","68.43","179.93","230.7","250.61","277.91","171.1","68.05","328.12","356.18","413.22","419.32","","","","","","","","","","","","","","",""
"N-TEQ","Ntec Ph.1","Nteq_100KTL_NO_26","103.68","270.65","430.47","304.85","131.09","175.9","66.77","170.49","231.85","251.04","269.61","169.1","67.95","326.72","354.99","412.49","416.13","","","","","","","","","","","","","","",""
"N-TEQ","Ntec Ph.2","Nteq_100KTL_P2_NO_38","118.8","254.56","422.18","292.47","126.26","169.03","66.22","161.44","196.18","207.32","221.02","151.34","66.98","308.61","337.7","394.58","397.13","","","","","","","","","","","","","","",""
"N-TEQ","Ntec Ph.2","Nteq_100KTL_P2_NO_39","118.8","259.36","432.45","298.01","127.71","171.42","65.92","159.73","195.08","205.02","221.49","154.51","67.15","321.39","350.97","409.61","412.57","","","","","","","","","","","","","","",""
"N-TEQ","Ntec Ph.2","Nteq_100KTL_P2_NO_40","118.8","257.24","425.22","293.23","126.46","169.71","65.69","160.66","195.92","208.4","225.17","158.72","67.49","322.71","350.61","408.63","411.89","","","","","","","","","","","","","","",""
"N-TEQ","Ntec Ph.2","Nteq_100KTL_P2_NO_41","118.8","254.28","424.92","291.95","125.39","169.3","65.13","158.34","193.28","204.93","220.22","151.44","66.18","309.6","337.87","394.65","398.4","","","","","","","","","","","","","","",""
"N-TEQ","Ntec Ph.2","Nteq_100KTL_P2_NO_42","118.8","255.28","425.45","292.93","127.55","170.4","66.3","159.94","195.59","208.88","207.48","157.47","67.69","322.87","352.18","410.15","414.64","","","","","","","","","","","","","","",""
"N-TEQ","Ntec Ph.2","Nteq_100KTL_P2_NO_44","118.8","259.18","429.45","294.72","126.56","171.17","65.68","161.06","195.87","204.18","215.38","156.68","67.34","323.75","352.52","411.43","415.05","","","","","","","","","","","","","","",""
"N-TEQ","Ntec Ph.2","Nteq_100KTL_P2_NO_45","118.8","252.41","418.5","289.03","124.28","167.35","65.06","157.61","192.06","202.6","217.75","151.45","66.96","307.89","337.48","393.39","397.32","","","","","","","","","","","","","","",""
"N-TEQ","Ntec Ph.2","Nteq_100KTL_P2_NO_46","118.8","226.78","357.41","245.46","106.44","139.19","61.96","132.09","166.79","194.52","231.67","161.78","68.29","326.87","355.93","413.65","418.85","","","","","","","","","","","","","","",""
"N-TEQ","Ntec Ph.2","Nteq_50KTL_P2_NO_43","39.6","97.2","152.53","104.12","44.98","60.01","29.09","57.2","70.76","73.4","78.41","52.81","30.13","102.2","114.09","131.56","132.9","","","","","","","","","","","","","","",""
"KKF","KKF Ph.1","P1-KKF_100KTL-NO-13","103.091","253.48","307.88","258.52","247.43","233.79","290.05","247.42","238.25","348.92","288.12","287.75","316.33","413.03","358.15","398.52","409.55","","","","","","","","","","","","","","",""
"KKF","KKF Ph.1","P1-KKF_100KTL-NO-3","103.091","268.47","320.1","264.16","261.18","238.98","300.15","261.1","245.38","358.49","302.58","293.54","328.68","411.39","368.23","413.14","406.74","","","","","","","","","","","","","","",""
"KKF","KKF Ph.1","P1-KKF_100KTL-NO-4","103.091","300.69","346.02","289.62","288.73","267.71","332.87","288.51","272.03","393.16","334.81","325.77","358.62","446.35","407.19","451.18","444.91","","","","","","","","","","","","","","",""
"KKF","KKF Ph.1","P1-KKF_100KTL-NO-5","103.091","263.25","304.97","257.62","253.7","240.42","296.64","251.22","243.15","348.05","295.06","292.52","314.35","399.56","354.86","391.67","392.07","","","","","","","","","","","","","","",""
"KKF","KKF Ph.1","P1-KKF_100KTL-NO-6","103.091","277.5","328.09","270.17","269.35","246.61","309.41","268.98","252.35","368.8","312.85","302.38","342.27","422.08","380.88","429.19","417.07","","","","","","","","","","","","","","",""
"KKF","KKF Ph.1","P1-KKF_100KTL-NO-7","103.091","267.69","310.65","257.15","257.36","241.92","299.74","255.16","245","353.86","298.79","295.85","324.03","404.66","365.77","405.13","401.53","","","","","","","","","","","","","","",""
"KKF","KKF Ph.1","P1-KKF_60KTL-NO-2","61.855","196.24","224.4","190.41","190.73","176.56","218.55","188.83","178.21","258.78","218.63","214.1","232.77","294.2","258.78","248.51","248.79","","","","","","","","","","","","","","",""
"KKF","KKF Ph.2","P2-KKF_100KTL-NO-10","118.8","332.81","363.38","303.58","322.49","294.59","362.22","322.17","297.08","432.5","365.42","352.77","398.26","465.11","441.3","500.94","489.32","","","","","","","","","","","","","","",""
"KKF","KKF Ph.2","P2-KKF_100KTL-NO-11","118.8","330.32","361.25","301.74","319.69","293.08","359.09","320.61","295.47","428.95","362.96","350.97","396.54","464.66","440.04","497.54","486.75","","","","","","","","","","","","","","",""
"KKF","KKF Ph.2","P2-KKF_100KTL-NO-8","118.8","319.3","400.2","324.64","309.28","291.2","368.65","306.16","296.87","425.84","364.94","358.1","370.36","500.35","433.54","483.24","483.61","","","","","","","","","","","","","","",""
"KKF","KKF Ph.2","P2-KKF_100KTL-NO-9","118.8","319.53","402.34","326.17","308.93","291.27","369.2","305.87","297.01","425.56","365.77","356.85","370.93","500.17","431.75","482.42","482.38","","","","","","","","","","","","","","",""
"PCC","PCC","PCC_100KTL_NO_01","108","494.73","385.17","462.31","430.99","407.36","252.08","217.75","203.54","222.28","140.44","331.54","357.28","243.61","404.85","343.2","357.5","","","","","","","","","","","","","","",""
"PCC","PCC","PCC_100KTL_NO_02","78.3","355.61","277.53","332.82","307.48","290.11","179.84","156.36","146.32","159.71","100.91","238.22","257.43","175.06","289.97","247.26","256.48","","","","","","","","","","","","","","",""
"KR Plastic v.2","KR Plastic","PHASE1-36KTL-NO.01","","130.76","153.31","101.36","114.55","107.77","132.11","121.05","106.15","153.96","131.33","129.12","96.24","121.78","174.56","195.19","167.16","","","","","","","","","","","","","","",""
"KR Plastic v.2","KR Plastic","PHASE1-36KTL-NO.02","","114.65","141.44","89.43","100.28","94.28","116.97","106.45","93.26","136.74","115.52","117.83","90.25","114.1","153.92","173.05","148.19","","","","","","","","","","","","","","",""
"KR Plastic v.2","KR Plastic","PHASE1-36KTL-NO.03","","114.97","143.04","89.69","100.99","94.68","117.26","107.26","93.76","137.29","116.3","118.28","91.05","114.49","154.74","173.67","148.26","","","","","","","","","","","","","","",""
"KR Plastic v.2","KR Plastic","PHASE1-36KTL-NO.04","","114.22","142.59","89.37","100.58","94.15","116.75","106.79","93.36","136.62","115.78","117.98","90.98","114.37","153.78","172.55","147.28","","","","","","","","","","","","","","",""
"KR Plastic v.2","KR Plastic","PHASE1-36KTL-NO.05","","114.91","143.45","90.18","101.26","94.86","117.65","107.7","94.03","137.86","116.84","118.68","91.13","114.69","155.4","174.18","148.56","","","","","","","","","","","","","","",""
"KR Plastic v.2","KR Plastic","PHASE1-36KTL-NO.06","","114.58","143.42","90.17","101.22","94.75","117.58","107.66","93.95","137.7","116.8","118.55","91.06","114.62","155.18","173.83","148.23","","","","","","","","","","","","","","",""
"KR Plastic v.2","KR Plastic","PHASE1-36KTL-NO.07","","112.51","150.02","95.12","99.4","94.58","119.39","104.6","94.65","136.79","116.74","119.85","89.89","117.7","150.97","168.18","149.73","","","","","","","","","","","","","","",""
"KR Plastic v.2","KR Plastic","PHASE1-36KTL-NO.08","","105.19","158.6","102.35","93.12","91.98","120.23","95.59","93.77","131.94","113.99","118.47","85.31","119.48","138.3","152.39","149.22","","","","","","","","","","","","","","",""
"KR Plastic v.2","KR Plastic","PHASE1-36KTL-NO.09","","70.33","110.84","68.25","62.08","61.48","81.02","63.83","62.6","89.22","75.91","88.08","68.13","98.86","92.67","102.67","100.57","","","","","","","","","","","","","","",""
"KR Plastic v.2","KR Plastic","PHASE1-36KTL-NO.10","","105.73","158.3","102.35","93.4","92.42","120.44","96.01","94.05","132.04","114.07","118.74","85.79","119.74","138.36","152.7","149.61","","","","","","","","","","","","","","",""
"KR Plastic v.2","KR Plastic","PHASE1-36KTL-NO.11","","106.18","158.78","102.39","93.7","92.7","121","96.27","94.26","132.71","114.43","118.95","85.74","119.78","139.28","153.85","150.67","","","","","","","","","","","","","","",""
"KR Plastic v.2","KR Plastic","PHASE1-36KTL-NO.12","","106.95","159.36","102.87","94.33","93.25","121.68","96.88","94.83","133.42","115.11","119.46","86.06","119.96","140.1","154.89","151.71","","","","","","","","","","","","","","",""
"KR Plastic v.2","KR Plastic","PHASE1-36KTL-NO.13","","112.14","151.19","96.27","98.6","94.75","120.62","103.14","94.98","136.68","116.44","120.4","89.06","118.5","149.89","167.38","152.46","","","","","","","","","","","","","","",""
"KR Plastic v.2","KR Plastic","PHASE1-36KTL-NO.14","","116.32","139.82","89.32","101.67","95.23","117.92","107.95","94.11","137.86","116.82","118.8","90.91","114.34","155.72","175.41","149.22","","","","","","","","","","","","","","",""
"KR Plastic v.2","KR Plastic","PHASE1-36KTL-NO.15","","115.55","139.34","89.06","101.1","94.77","117.34","107.47","93.7","137.39","116.35","118.36","90.7","114.11","154.77","174.56","148.42","","","","","","","","","","","","","","",""
"KR Plastic v.2","KR Plastic","PHASE1-36KTL-NO.17","","114.85","138.91","88.98","100.87","94.5","117.05","107.13","93.52","137.04","116.21","118.02","90.65","114.04","153.78","173.3","147.46","","","","","","","","","","","","","","",""
"KR Plastic v.2","KR Plastic","PHASE1-36KTL-NO.18","","114.61","139.27","89","100.83","94.45","117.16","107.19","93.51","137.26","116.21","118.11","90.55","114.18","154.42","173.8","148.11","","","","","","","","","","","","","","",""
"KR Plastic v.2","KR Plastic","PHASE1-36KTL-NO.19","","111.27","145.37","59.05","66.48","62.25","78.07","70.89","61.79","92.13","76.58","83.92","73.27","88.34","102.15","115.23","98.51","","","","","","","","","","","","","","",""
"KR Plastic v.2","KR Plastic","PHASE1-36KTL-NO.20","","106.38","158.03","102.56","93.89","92.78","120.89","96.59","94.4","132.65","114.88","119.03","86.06","120.07","139.31","153.85","150.12","","","","","","","","","","","","","","",""
"KR Plastic v.2","KR Plastic","PHASE1-36KTL-NO.21","","106.63","158.39","102.7","94.18","92.95","121.36","96.88","94.57","133.13","115.28","119.18","86.17","120.2","139.61","154.46","150.8","","","","","","","","","","","","","","",""
"KR Plastic v.2","KR Plastic","PHASE1-36KTL-NO.22","","106.15","157.34","101.87","93.67","92.57","120.7","96.36","94.12","132.38","114.52","118.87","86","119.95","138.94","153.8","150.03","","","","","","","","","","","","","","",""
"KR Plastic v.2","KR Plastic","PHASE1-36KTL-NO.23","","106.37","158","102.09","93.95","92.75","120.97","96.51","94.34","132.72","114.78","119.07","86.02","119.98","139.43","154.51","150.81","","","","","","","","","","","","","","",""
"KR Plastic v.2","KR Plastic","PHASE1-36KTL-NO.24","","106.8","158.6","102.03","93.92","92.87","121.43","96.75","94.41","133.25","115.08","119.14","85.95","119.87","139.96","155.33","151.45","","","","","","","","","","","","","","",""
"KR Plastic v.2","KR Plastic","PHASE1-36KTL-NO.25","","107.83","159.66","102.89","94.85","93.8","122.39","97.66","95.31","134.42","115.95","120.02","86.48","120.48","141.29","156.62","153.27","","","","","","","","","","","","","","",""
"KR Plastic v.2","KR Plastic","PHASE1-36KTL-NO16","","114.2","138.29","88.07","99.93","93.68","116.16","106.31","92.7","136.13","115.18","117.41","90.14","113.47","153.01","172.7","146.83","","","","","","","","","","","","","","",""
"KR Plastic v.2","KR Plastic","PHASE2-60KTL-NO.26","","223.75","269.75","180.22","194.2","185.69","229.75","205.69","184.02","264.33","226.04","221.99","162.26","210.01","299.71","333.13","293.44","","","","","","","","","","","","","","",""
"KR Plastic v.2","KR Plastic","PHASE2-60KTL-NO.27","","222.81","266.99","179.65","192.99","184.41","228.03","204.16","182.79","262.08","224.83","220.16","161.25","208.43","296.21","328.94","289.8","","","","","","","","","","","","","","",""
"KR Plastic v.2","KR Plastic","PHASE2-60KTL-NO.28","","217.28","264.03","177.83","188.34","180.55","223.64","198.95","179.19","256.75","219.72","216.76","158.86","206.15","286.68","319.25","285.04","","","","","","","","","","","","","","",""
"KR Plastic v.2","KR Plastic","PHASE2-60KTL-NO.29","","214.24","289.9","194.11","186.04","183.14","233.93","193.7","184.41","259.62","224.35","221.27","157.71","213.5","280.38","310.3","295.07","","","","","","","","","","","","","","",""
"KR Plastic v.2","KR Plastic","PHASE2-60KTL-NO.30","","214.62","289.32","194.92","186.2","183.24","233.85","193.71","184.56","259.42","224.7","220.84","157.49","213","279.68","309.28","294.42","","","","","","","","","","","","","","",""
"KR Plastic v.2","KR Plastic","PHASE2-60KTL-NO.31","","214.67","281.35","189.1","185.85","181.41","229.44","194.23","181.97","256.82","222.25","218.84","157.69","210.89","281","311.25","289.59","","","","","","","","","","","","","","",""
"KR Plastic v.2","KR Plastic","PHASE2-60KTL-NO.32","","204.58","296.71","194.22","179.18","177.42","228.92","183.79","179.49","250.48","218.52","216.09","153.97","212.61","265.99","294.21","287.39","","","","","","","","","","","","","","",""
"KR Plastic v.2","KR Plastic","PHASE2-60KTL-NO.33","","208.8","290.01","189.65","182.58","178.91","228.44","188.56","179.76","253.22","219.58","216.96","156.02","211.76","273.93","303.52","289.16","","","","","","","","","","","","","","",""
"KR Plastic v.2","KR Plastic","PHASE2-60KTL-NO.34","","221.57","255.66","169.04","192.63","180.76","221.47","203.82","178.02","258.5","221.14","215.82","161.28","203.6","295.94","332.63","283.21","","","","","","","","","","","","","","",""
"KR Plastic v.2","KR Plastic","PHASE2-60KTL-NO.35","","203.03","293.74","194.64","178.72","176.76","228.24","182.83","179.23","249.81","217.54","215.87","153.14","211.68","265.32","292.45","285.79","","","","","","","","","","","","","","",""
"KR Plastic v.2","KR Plastic","PHASE2-60KTL-NO.36","","207.32","287.02","190.02","182.11","178.18","227.67","187.93","179.63","252.45","219.05","216.68","155.65","211.11","272.34","301.37","286.84","","","","","","","","","","","","","","",""
"KR Plastic v.2","KR Plastic","PHASE2-60KTL-NO.37","","210.97","280.31","184.56","184.96","179.08","226.69","192.14","179.37","254.74","219.57","217","157.1","210.11","280.29","311.21","288.34","","","","","","","","","","","","","","",""
"KR Plastic v.2","KR Plastic","PHASE2-60KTL-NO.38","","218.81","256.41","168.88","191.49","179.33","219.73","202.21","176.83","256.49","219.4","214.83","160.6","202.84","294.15","329.31","280.79","","","","","","","","","","","","","","",""
"KR Plastic v.2","KR Plastic","PHASE2-60KTL-NO.39","","222.91","260.5","171.71","194.71","182.58","223.62","205.73","179.85","260.79","223","217.49","161.95","204.78","299.73","335.27","285.98","","","","","","","","","","","","","","",""
"KR Plastic v.2","KR Plastic","PHASE3-20KTL-NO.44","","82.37","92.73","66.26","72.36","68.69","83.99","75.38","68.07","96.8","83.21","78.9","56.93","73.12","106.99","117.34","100.92","","","","","","","","","","","","","","",""
"KR Plastic v.2","KR Plastic","PHASE3-60KTL-NO.40","","164.8","237.56","148.32","144.18","140.69","180.96","149.03","141.74","200.34","172.08","184.87","138.36","188.82","210.81","236.4","226.3","","","","","","","","","","","","","","",""
"KR Plastic v.2","KR Plastic","PHASE3-60KTL-NO.41","","163.69","236.59","147.68","143.89","140.9","180.01","148.44","140.86","200.35","170.85","185.46","138.45","189.65","210.93","235.84","224.84","","","","","","","","","","","","","","",""
"KR Plastic v.2","KR Plastic","PHASE3-60KTL-NO.42","","183.83","250.47","159.95","160.27","156.02","196.5","167.11","155.46","221.62","189.2","198.21","147.76","197.3","241.01","268.8","247.79","","","","","","","","","","","","","","",""
"KR Plastic v.2","KR Plastic","PHASE3-60KTL-NO.43","","240.76","279.69","195.28","211.77","201.1","247.19","222.93","198.89","283.92","243.99","232.56","168.53","216.79","320.03","353.18","310.43","","","","","","","","","","","","","","",""
"P and P Produce Company Limited","P and P Produce Company Limited","","144.963","521.76","515.25","396.57","417.17","444.97","480.86","431.41","353.22","441.46","486.38","419.62","530.05","477.22","576.2","424.85","563.67","","","","","","","","","","","","","","",""
"P and P Produce Company Limited","P and P Produce Company Limited","","55.237","140.51","142","108.55","111.62","120.07","131","116.12","94.79","119.35","132.06","113.06","141.86","131.48","153.64","113.51","150.73","","","","","","","","","","","","","","",""
"PETPAL SOLAR ROOFTOP 999.6 kWp","PETPAL","PPInverter1","","921.23","928.01","962","753.67","128.19","739.35","946.2","1,054.44","988.94","807.93","821.28","832.46","817.06","758.30","943.28","811.00","","","","","","","","","","","","","","",""
"PETPAL SOLAR ROOFTOP 999.6 kWp","PETPAL","PPInverter2","","890.39","896.91","957.01","739.64","127.97","729.20","944.32","1,031.69","980.27","800.10","808.78","834.78","812.94","750.10","928.61","791.85","","","","","","","","","","","","","","",""
"PETPAL SOLAR ROOFTOP 999.6 kWp","PETPAL","PPInverter3","","922.99","926.06","980.58","747.92","128.16","737.23","965.4","1,071.42","1,004.02","820.49","822.66","839.05","820.93","752.74","947.93","805.12","","","","","","","","","","","","","","",""
"PETPAL SOLAR ROOFTOP 999.6 kWp","PETPAL","PPInverter4","","878.64","882.59","969.44","731.61","128.92","721.01","955.61","1,034.91","986.57","816.03","809.17","840.39","808.23","744.77","929.25","781.09","","","","","","","","","","","","","","",""
"PETPAL SOLAR ROOFTOP 999.6 kWp","PETPAL","PPInverter5","","205.8","209.53","231.17","169.72","41.37","183.49","231.13","248.15","235.17","197.47","190.32","206.95","194.62","174.89","226.93","187.02","","","","","","","","","","","","","","",""
"PETPAL SOLAR ROOFTOP 999.6 kWp","PETPAL","PPInverter6","","213.25","224.15","217.53","180.66","41.27","193.15","218.03","244.94","226.58","185.74","191.54","196.79","187.14","175.36","220.19","196.73","","","","","","","","","","","","","","",""
"PETPAL SOLAR ROOFTOP 999.6 kWp","PETPAL","PPInverter7","","200.27","207.85","218.73","170.92","41.35","184.31","220.15","238.22","225.37","186.84","186.8","200.02","187.77","172.44","216.31","187.01","","","","","","","","","","","","","","",""
"PETPAL SOLAR ROOFTOP 999.6 kWp","PETPAL","PPInverter8","","190.17","199.05","206.86","163.66","41.09","177.69","208.77","226.5","213.94","177.46","178.72","190.82","178.75","165.43","206.96","179.61","","","","","","","","","","","","","","",""
"Prime beverage co. ltd","Prime","Prime-50KTL-M3-1","","202.43","198.98","169.05","120.35","145.14","169.4","196.07","147.68","186.72","182.48","153.53","177.87","238.89","214.73","241.68","253.16","","","","","","","","","","","","","","",""
"Prime beverage co. ltd","Prime","Prime-50KTL-M3-2","126","201.64","198.55","168.51","119.78","144.41","168.1","194.79","146.83","185.2","181.26","152.62","177.2","236.7","213.13","239.61","250.68","","","","","","","","","","","","","","",""
"Prime beverage co. ltd","Prime","Prime-50KTL-M3-3","","203.12","199.59","169.4","120.7","145.37","169.45","196.34","147.98","186.85","182.68","153.62","178.65","239.17","215.13","241.91","253.14","","","","","","","","","","","","","","",""
"Prime beverage co. ltd","Prime","Prime-50KTL-M3-4","","202.82","199.25","169.15","120.62","145.29","169.3","196.15","147.76","186.58","182.4","153.48","178.33","238.71","214.88","241.68","252.65","","","","","","","","","","","","","","",""
"Prime beverage co. ltd","Prime","Prime-50KTL-M3-5","150","203.72","200.27","169.92","121.24","145.93","169.98","197.15","148.42","187.06","183.02","154.25","179.03","239.05","215.68","242.26","253.7","","","","","","","","","","","","","","",""
"Prime beverage co. ltd","Prime","Prime-50KTL-M3-6","","204.38","200.41","170.08","121.68","146.66","170.64","197.95","148.87","188.22","183.66","154.87","179.88","240.61","216.65","243.76","254.99","","","","","","","","","","","","","","",""
"Prime beverage co. ltd","Prime","Prime-50KTL-M3-7","","202.39","197.91","168.21","120.55","145.3","169.13","195.71","147.76","183.77","177.53","149.63","173.54","237.95","214.4","239.52","242.44","","","","","","","","","","","","","","",""
"Prime beverage co. ltd","Prime","Prime-50KTL-M3-8","150","205.48","200.45","170.59","122.32","147.4","171.46","197.9","149.85","188.67","184.89","155.78","180.76","241.74","218.07","245.23","256.19","","","","","","","","","","","","","","",""
"Procare","Procare","Procare-Inv100-01","121.3","374.89","560.9","191.46","196.51","24.18","451.33","485.4","590.92","392.94","552.19","493.31","395.74","440.47","506.14","452.24","454.45","","","","","","","","","","","","","","",""
"Procare","Procare","Procare-Inv100-02","121.3","369.86","542.83","192.86","198.84","24.49","454.16","482.97","574.08","396.29","538.91","498.11","398.93","440.11","509.16","448.34","455.97","","","","","","","","","","","","","","",""
"Procare","Procare","Procare-Inv100-03","121.43","352.1","507.12","191.21","196.6","24.47","438.63","461.18","541.18","392.29","498.85","455.15","391.7","423.78","476.97","434.15","423.89","","","","","","","","","","","","","","",""
"Procare","Procare","Procare-Inv100-04","121.3","367.84","508.59","194.58","200.2","24.84","441.55","474.46","547.35","397.45","517.28","460.52","399.52","430.9","486.68","427.38","434.15","","","","","","","","","","","","","","",""
"Procare","Procare","Procare-Inv100-05","121.3","129.15","197.49","63.06","65.28","18.29","154.44","167.18","210.62","131.95","196.43","174.67","133.72","151.06","173.74","157.55","154.44","","","","","","","","","","","","","","",""
"Procare","Procare","Procare-Inv100-06","","","","","","","","","","","","","","","","","","","","","","","","","","","","","","","",""
"Procare","Procare","Procare-Inv100-07","","","","","","","","","","","","","","","","","","","","","","","","","","","","","","","",""
"Procare","Procare","Procare-Inv50-08","","","","","","","","","","","","","","","","","","","","","","","","","","","","","","","",""
"Pisamai Solarroof 112 kWp","Pisamai","","112","357.43","399.89","410.76","338.5","418.61","501.37","423.38","597.54","355.39","512.85","433.13","221.91","351.2","482.87","470.39","420.05","","","","","","","","","","","","","","",""
"PHATTHANA FROZEN FOOD SAMUTSAKHON","PHATTHANA FROZEN","PTNInverter1","184.8","793.74","909.41","693.12","534.5","769.95","819.24","549.45","683.89","557.14","739.79","649.99","445.9","588.79","762.4","669.15","680.4","","","","","","","","","","","","","","",""
"PHATTHANA FROZEN FOOD SAMUTSAKHON","PHATTHANA FROZEN","PTNInverter2","184.8","780.61","889.54","647.49","519.07","715.02","757.12","740.87","656.83","534.79","710.01","642.78","445.89","579.11","743.62","672.65","682.28","","","","","","","","","","","","","","",""
"PHATTHANA FROZEN FOOD SAMUTSAKHON","PHATTHANA FROZEN","PTNInverter3","184.8","790.39","912.57","668.01","524.64","742.28","821.82","736.13","678.41","537.97","725.97","648.21","445.54","579.93","758.43","672.11","682.82","","","","","","","","","","","","","","",""
"PHATTHANA FROZEN FOOD SAMUTSAKHON","PHATTHANA FROZEN","PTNInverter4","203","928.06","1,047.14","782.18","621.01","865.19","931.51","859.17","762.1","634.85","838.94","752.17","525.70","673.03","878.62","779.32","793.38","","","","","","","","","","","","","","",""
"PHATTHANA FROZEN FOOD SAMUTSAKHON","PHATTHANA FROZEN","PTNInverter5","186.2","870.60","983.95","736.27","570.21","818.96","870.38","664.07","737.4","588.96","799.42","704.62","482.16","629.65","834.45","733.99","741.31","","","","","","","","","","","","","","",""
"PHATTHANA FROZEN FOOD SAMUTSAKHON","PHATTHANA FROZEN","PTNInverter6","56","242.27","281.02","205.26","157.29","229.58","253.8","222.85","214.65","163.7","222.57","196.6","133.43","175.47","231.51","203.64","206.11","","","","","","","","","","","","","","",""
"PHATTHANA FROZEN FOOD SAMUTSAKHON","PHATTHANA FROZEN","PTNInverter7","184.8","889.15","991.99","755.41","596.41","608.85","880.34","833.66","742.62","606.85","820.25","732.1","504.23","654.46","857.57","757.91","776.18","","","","","","","","","","","","","","",""
"PHATTHANA FROZEN FOOD SAMUTSAKHON","PHATTHANA FROZEN","PTNInverter8","56","310.95","352.35","261.04","202.29","290.7","318.44","285.97","258.43","210.12","284.11","250.93","170.94","224.41","295.32","260.63","264.09","","","","","","","","","","","","","","",""
"PHATTHANA FROZEN FOOD SAMUTSAKHON","PHATTHANA FROZEN","PTNInverter9","56","143.39","165.06","118.31","91.88","133.44","146.74","132.14","130.89","95.23","130.15","115.71","78.02","102.29","136.03","120.23","121.92","","","","","","","","","","","","","","",""
"PHATHANA SEAFOODS","PHATHANA SEAFOODS","PTNSFInverter1","0","918.32","831.82","633.54","587.46","383.36","736.26","785.05","912.94","651.61","828.43","715.71","400.55","674.18","883.03","790.11","745.98","","","","","","","","","","","","","","",""
"PHATHANA SEAFOODS","PHATHANA SEAFOODS","PTNSFInverter2","0","279.64","295.18","210.26","180.01","126.03","234.93","228.9","283.85","192.18","250.44","216.6","124.83","201.25","263.42","226.58","221.5","","","","","","","","","","","","","","",""
"PHATHANA SEAFOODS","PHATHANA SEAFOODS","PTNSFInverter3","0","142.47","142.33","100.39","90.16","73.38","119.53","115.25","144.39","96.61","127.01","109.33","67.51","101.19","132.97","114.24","112.51","","","","","","","","","","","","","","",""
"PTT 7-11 E3","PTT 7-11 E3","","","85.4","101.08","79.29","59.25","61.73","91.52","53.95","57.78","90.68","73.11","53","75.37","86.23","99.6","105.65","105.58","","","","","","","","","","","","","","",""
"PTT CG","PTT chester grill","PTT_CG_36KTL-NO-1","34.56","103.56","132.93","98.42","84.73","82.6","119.32","67.92","77.34","119.88","102.07","71.99","114.85","116.08","112.58","148.29","138.24","","","","","","","","","","","","","","",""
"PTT E1","PTT E1","PTT_E1_60KTL-NO-1","58.32","208.49","276.29","189.51","147.33","148.28","212.21","114.62","136.57","203.82","177.05","121.96","190.66","193.01","238.79","256.28","248.76","","","","","","","","","","","","","","",""
"PTT E2","PTT E2","PTT_E2_36KTL-NO-1","38.88","127.45","172.16","109.79","94.18","92.84","138.97","75.3","92.09","134.63","115.33","81.49","151.41","125.2","137.54","181.6","169.86","","","","","","","","","","","","","","",""
"PTT E3","PTT E3","PTT_E3_60KTL-NO-1","58.32","201.63","251.52","180.79","133.73","139.44","209.84","122.37","135.44","209.44","167.86","119.79","178.72","199.91","242.38","251.88","255.67","","","","","","","","","","","","","","",""
"PTT E5","PTT E5","PTT_E5_60KTL-NO-1","68.04","207.97","257.19","190.15","162.55","162.45","228.64","131.74","137.14","238.77","198.87","142.49","240.17","233.25","214.96","266.64","263.84","","","","","","","","","","","","","","",""
"PVO - HEAD OFFICE 68.5kWp","PVO HEAD OFFICE","PVO INV-6T2439054785","54.8","187.3","215.7","202.85","85.96","124.11","189.77","207.21","212.06","182","186.33","96.71","79.45","191.72","198.26","184.71","139.7","","","","","","","","","","","","","","",""
"PVO - HEAD OFFICE 68.5kWp","PVO HEAD OFFICE","PVO INV-TA2330391223","27.4","49.21","57.95","53.43","24.35","33.93","50.1","55.18","57.44","48.29","48.92","28.28","23.24","51","53.2","48.84","36.64","","","","","","","","","","","","","","",""
"PVO - CANTEEN BUILDING 82.2kWp","PVO CANTEEN BUILDING","PVO-CT-INV 23","54.8","260.15","204.65","206.07","131.12","215.79","250.61","242.5","237.22","240.83","209.46","213.59","174.3","208.74","179.72","221.02","189.73","","","","","","","","","","","","","","",""
"PVO - CANTEEN BUILDING 82.2kWp","PVO CANTEEN BUILDING","PVO-CT-INV 24","27.4","133.07","104.26","104.97","66.62","110.53","128.42","123.51","125.49","123.52","107.12","113.06","102.88","108.63","95.91","118.5","100.62","","","","","","","","","","","","","","",""
"PVO - DF3 BUILDING 739.8kWp","PVO - DF3 BUILDING","PVO-DF3-INV 09","54.8","253.46","197.58","201.19","127.24","208.44","241.85","231.55","248.03","236.64","203.99","214.72","198.71","214.93","212.38","236.84","199.74","","","","","","","","","","","","","","",""
"PVO - DF3 BUILDING 739.8kWp","PVO - DF3 BUILDING","PVO-DF3-INV 10","54.8","240.87","185.46","188.39","117.55","196.67","230","219.34","233","226.48","189.28","204.34","188.39","201.72","202.15","226.29","188.92","","","","","","","","","","","","","","",""
"PVO - DF3 BUILDING 739.8kWp","PVO - DF3 BUILDING","PVO-DF3-INV 11","54.8","250.96","196.9","199.11","125.52","206.34","241.25","227.45","241.84","234.43","198.13","212.95","197.1","212.4","208.97","235.52","196.27","","","","","","","","","","","","","","",""
"PVO - DF3 BUILDING 739.8kWp","PVO - DF3 BUILDING","PVO-DF3-INV 12","27.4","130.35","103.45","104.66","65.02","105.78","123.46","119.64","130.52","120.57","105.49","109.95","103.61","113.17","111.24","122.83","102.88","","","","","","","","","","","","","","",""
"PVO - DF3 BUILDING 739.8kWp","PVO - DF3 BUILDING","PVO-DF3-INV 13","54.8","269.17","208.59","210.66","133.58","226.78","257.83","242.22","248.46","252.96","213","226.83","204.75","223.34","215.12","246.73","206.31","","","","","","","","","","","","","","",""
"PVO - DF3 BUILDING 739.8kWp","PVO - DF3 BUILDING","PVO-DF3-INV 14","54.8","249.95","199.01","203.26","122.85","191.72","231.75","232.96","268.02","225.61","205.42","212.94","205.52","225.5","225.48","239.68","203.71","","","","","","","","","","","","","","",""
"PVO - DF3 BUILDING 739.8kWp","PVO - DF3 BUILDING","PVO-DF3-INV 15","54.8","243.93","189.06","192.46","121.37","201.19","232.89","224.1","232.48","232.28","195.58","208.54","190.27","206.59","203.72","226.33","189.67","","","","","","","","","","","","","","",""
"PVO - DF3 BUILDING 739.8kWp","PVO - DF3 BUILDING","PVO-DF3-INV 16","54.8","235.66","197.26","191.76","125.11","193.47","221.43","221.95","233.13","216.06","199.53","205.27","192.61","213.35","196.89","215.59","189.84","","","","","","","","","","","","","","",""
"PVO - DF3 BUILDING 739.8kWp","PVO - DF3 BUILDING","PVO-DF3-INV 17","54.8","231.86","180.86","183.31","115.64","194.77","225.19","218.65","227.31","223.96","190.36","201.15","184.24","201.68","198.65","220.58","185.58","","","","","","","","","","","","","","",""
"PVO - DF3 BUILDING 739.8kWp","PVO - DF3 BUILDING","PVO-DF3-INV 18","54.8","205.7","161.15","163.22","103.81","179.47","204.14","190.66","179.68","198.8","167.69","182.03","160.88","169.96","160.84","191.95","166.07","","","","","","","","","","","","","","",""
"PVO - DF3 BUILDING 739.8kWp","PVO - DF3 BUILDING","PVO-DF3-INV 19","54.8","231.05","181.81","184.69","115.98","191.74","226.77","214.54","222.96","222.96","181.72","202.51","184.54","196.84","197.2","221.66","186.7","","","","","","","","","","","","","","",""
"PVO - DF3 BUILDING 739.8kWp","PVO - DF3 BUILDING","PVO-DF3-INV 20","54.8","261.32","206.19","206.18","128","209.56","246.71","238.1","258","235.92","208.27","215.62","202.48","220.82","217.52","242.54","202.99","","","","","","","","","","","","","","",""
"PVO - DF3 BUILDING 739.8kWp","PVO - DF3 BUILDING","PVO-DF3-INV 21","54.8","247.38","199.17","202.55","123.58","188.31","230.87","229.65","263.57","220.86","201.2","207.72","203.42","219.78","222.22","235.4","201.07","","","","","","","","","","","","","","",""
"PVO - DF3 BUILDING 739.8kWp","PVO - DF3 BUILDING","PVO-DF3-INV 22","54.8","207.78","160.37","161.75","102.77","170.94","204.8","191.84","200.77","192.61","159.71","175.27","160.41","169.78","172.88","194.24","164.95","","","","","","","","","","","","","","",""
"PVO - ENGINEERING BUILDING 411.0kWp","PVO - ENGINEERING","PVO-EN-INV 01","54.8","285.01","218.17","219.55","137.14","237.54","261.74","248.66","260.4","268.68","221.74","236.09","208.35","230.75","225.54","259.43","211.84","","","","","","","","","","","","","","",""
"PVO - ENGINEERING BUILDING 411.0kWp","PVO - ENGINEERING","PVO-EN-INV 02","54.8","283.23","216.59","217.89","136.69","235.75","259.48","247.59","258.7","266.48","220.4","234.5","207.31","228.17","222.78","256.03","210.41","","","","","","","","","","","","","","",""
"PVO - ENGINEERING BUILDING 411.0kWp","PVO - ENGINEERING","PVO-EN-INV 03","54.8","282.12","215.21","217.63","136.7","233.56","258.14","246.78","258.01","265.18","219.29","234.12","206.32","228.07","222.03","255.86","209.72","","","","","","","","","","","","","","",""
"PVO - ENGINEERING BUILDING 411.0kWp","PVO - ENGINEERING","PVO-EN-INV 04","54.8","277.68","215","216.73","135.46","227.64","253.41","246.32","262.24","258.41","219.19","231.38","208.14","229.9","225.72","254.33","210.62","","","","","","","","","","","","","","",""
"PVO - ENGINEERING BUILDING 411.0kWp","PVO - ENGINEERING","PVO-EN-INV 05","54.8","271.85","215.52","219.31","133.88","212.13","241.52","248.86","284.48","247.97","221.42","230.14","215.15","241.82","243.48","256.56","215.69","","","","","","","","","","","","","","",""
"PVO - ENGINEERING BUILDING 411.0kWp","PVO - ENGINEERING","PVO-EN-INV 06","54.8","274.76","218.97","222.43","136.45","214.11","243.91","251.48","288.75","249.43","224.83","232.14","217.9","244.03","244.97","259.39","218.34","","","","","","","","","","","","","","",""
"PVO - ENGINEERING BUILDING 411.0kWp","PVO - ENGINEERING","PVO-EN-INV 07","54.8","268.8","214.25","217.82","133.17","210.1","239.85","246.06","279.74","244.71","220.45","227.54","214.09","239.58","239.97","254.87","214.04","","","","","","","","","","","","","","",""
"PVO - ENGINEERING BUILDING 411.0kWp","PVO - ENGINEERING","PVO-EN-INV 08","27.4","107.79","90.97","95.13","56.28","82.4","94.21","102.46","126.84","97.08","89.63","96.93","97.3","102.34","107.51","110.91","94.51","","","","","","","","","","","","","","",""
"R89","R89","R89-100KTL-M2-1","133","275.25","106.92","161.54","458.21","519.39","529.07","448.26","396.9","511.28","359.42","495.37","412.56","386.23","197.4","454.35","301.78","","","","","","","","","","","","","","",""
"R89","R89","R89-100KTL-M2-2","133","281.62","106.4","162.88","445.64","500.44","503.36","433.64","380.2","498.16","335.82","477.9","399.36","382.55","199.59","441.79","282.55","","","","","","","","","","","","","","",""
"R89","R89","R89-100KTL-M2-3","133","273.07","108.16","163.29","461.95","530.4","549.97","448.49","417.95","517.22","381.86","500.62","419.25","387.55","196.66","455.81","325.42","","","","","","","","","","","","","","",""
"Rc farm 1","RC Farm Ph.1","RC_F_1_100KTL P1","133","359.43","328.34","233.01","132.6","394.79","400.29","294.22","452.27","458.48","477.5","416.95","56.59","255.76","209.82","111.67","362.92","","","","","","","","","","","","","","",""
"Rc farm 1","RC Farm Ph.1","RC_F_1_100KTL P2","133","349.49","313.47","225.9","126.52","375.27","381.29","283.9","433.15","433.44","450.57","399.72","100.34","243.76","199.6","226.95","346.88","","","","","","","","","","","","","","",""
"Rc Farm 2","RC Farm Ph.2","RC_F_2_100KTL P1","119.7","309.1","309.09","192.49","123.18","365.41","356.25","237.83","387.08","358.39","331.58","333.57","106.35","237.4","203.33","234.31","343.81","","","","","","","","","","","","","","",""
"SAMCHAI STEEL 504.00 kWp","SAMCHAI","SAM INV 1 150 kW","196","724.05","474.94","441","375.58","67.97","553.7","552.32","696.4","699.18","696.19","651.06","69.3","720.12","819.01","766.04","604.58","","","","","","","","","","","","","","",""
"SAMCHAI STEEL 504.00 kWp","SAMCHAI","SAM INV 2 150 kW","196","662.23","481.02","431.08","335.66","66.61","520.99","539.19","670.82","609.72","617.66","575.39","67.82","629.75","629.31","693.11","520.89","","","","","","","","","","","","","","",""
"SAMCHAI STEEL 504.00 kWp","SAMCHAI","SC Inverter(COM2-15)","112","355.2","274.01","291.93","247.07","44.97","365.72","357.46","438.55","456.62","447.98","421.39","45.88","463.89","512.93","482.97","351.19","","","","","","","","","","","","","","",""
"Siam Chicken Product","Siam Chicken","Inverter(COM2-12)","187.44","260.36","440.75","521.6","715.77","388.96","669.46","615.69","721.97","677.75","723.97","729.32","402.17","477.14","408.11","590.15","688.89","","","","","","","","","","","","","","",""
"Siam Chicken Product","Siam Chicken","Inverter(COM2-13)","187.44","252.99","415.32","507.11","668.83","382.91","646.81","592.63","677.94","623.16","675.08","702.41","391","462.44","380.36","570.61","677.85","","","","","","","","","","","","","","",""
"Siam Chicken Product","Siam Chicken","Inverter(COM2-14)","56.8","79.58","137.19","165.11","227.86","127.23","215.72","197.95","232.28","213.98","234.46","236.95","131.94","146.43","127.15","191.03","224.91","","","","","","","","","","","","","","",""
"Siam Cans Industry","Siam Cans Industry Ph.1","SCI Inverter 1","39.2","89.02","120.05","70.03","57.71","60.71","139.81","103.72","166.16","134.9","149.51","123.83","75.72","121.06","128.51","137.94","104.66","","","","","","","","","","","","","","",""
"Siam Cans Industry","Siam Cans Industry Ph.1","SCI Inverter 2","156.8","378.75","519.27","295.96","236.84","286.77","586.56","430.01","704.6","550.74","643.75","532.12","330.55","501.22","552.38","580.61","434.23","","","","","","","","","","","","","","",""
"Siam Cans Industry","Siam Cans Industry Ph.2","","","235.31","326.53","182.67","145.1","186.87","364.85","265.92","439.98","335.71","401.9","332.93","207.65","308.33","345.77","360.94","267.24","","","","","","","","","","","","","","",""
"Super Scales 154.44 kWp.","Super Scales","Inverter(COM1-1)","187.44","731.2","766.13","480.66","361.77","359.58","646.3","630.86","820.49","761.02","763.12","669.44","484.82","737.58","832.71","730.43","606.61","","","","","","","","","","","","","","",""
"Suksomboon","Sukcomboon","SSB100KTL-M2COM1-12","133","40.88","27.56","48.79","80.46","101.96","84.86","90.79","119.9","112.64","97.37","7.03","71.78","41.01","70.88","96.55","114.59","","","","","","","","","","","","","","",""
"Suksomboon","Suksomboon","SSB100KTL-M2COM1-13","133","119.68","80.38","145.6","235.91","302.47","249.98","270.53","352.01","332.56","288.33","20.19","213.3","122.99","209.95","283.84","337.43","","","","","","","","","","","","","","",""
"Suksomboon","Suksomboon","SSB50_KTL-M3COM1-14","53.2","35.19","23.56","43.04","69.54","89.44","74.19","79.31","103.81","98.68","85.61","5.84","63.55","36.18","62.07","84.55","100.66","","","","","","","","","","","","","","",""
"Suksomboon Farm","Suksomboon Farm","","189","","","","","","","","","","0","0","0","0","0","0.00","599.28","","","","","","","","","","","","","","",""
"Suksomboon Farm","Suksomboon Farm","","189","","","","","","","","","","791","768.84","524.2","605.67","731.11","733.81","642.2","","","","","","","","","","","","","","",""
"Suksomboon Farm","Suksomboon Farm","","189","","","","","","","","","","0.00","0","0","0","0","0","590.85","","","","","","","","","","","","","","",""
"Suksomboon Farm","Suksomboon Farm","","189","","","","","","","","","","","","","","","","","","","","","","","","","","","","","","",""
"Suksomboon Farm","Suksomboon Farm","","189","","","","","","","","","","678.40","652.51","447.98","517.48","622.55","637.63","548.42","","","","","","","","","","","","","","",""
"Suksomboon Farm","Suksomboon Farm","","189","","","","","","","","","","806.76","779.23","533.81","614.89","739.45","756.65","651.44","","","","","","","","","","","","","","",""
"Suksomboon Farm","Suksomboon Farm","","189","","","","","","","","","","673.93","653.23","446.2","515.69","620.61","634.36","546.64","","","","","","","","","","","","","","",""
"สินทองไทย รับเบอร์","Sin thong Thai Rubber","STTINV(COM1-12)","","424.93","613.4","83.69","225.25","533.06","551.59","644.01","896.5","653.65","909.8","716.32","0","0","0","0","0","","","","","","","","","","","","","","",""
"สินทองไทย รับเบอร์","Sin thong Thai Rubber","STTINV(COM1-13)","","132.59","203.28","0","0","0","0","0","0","0","0","0","0.17","0.01","0.2","0","0","","","","","","","","","","","","","","",""
"สินทองไทย รับเบอร์","Sin thong Thai Rubber","STTINV(COM1-14)","","121.2","172.71","23.95","65.24","156.67","161.9","183.8","258.25","183.41","254.93","201.21","97.14","141.62","144.11","180.71","228.18","","","","","","","","","","","","","","",""
"Schavakon 298.20 kWp","Schavakon","SVK-INV1-150 kW","184.6","789.68","829.03","678.4","511.97","17.72","785.97","711.65","774.38","563.94","744.77","596.74","16.58","605.22","789.41","654.59","672.24","","","","","","","","","","","","","","",""
"Schavakon 298.20 kWp","Schavakon","SVK-INV2-100 kW","113.6","505.67","531.87","447.77","347.25","11.71","467.9","472.43","486.13","341.58","467.12","417.42","10.91","380.95","511.85","433.39","432.98","","","","","","","","","","","","","","",""
"Thanachok Palm","Thanachok Palm","TCP-Inverter(COM2-1)","190.08","","","","","","","","2.18","0.24","0","0","187.56","","39.19","120.67","81.9","","","","","","","","","","","","","","",""
"Thanachok Palm","Thanachok Palm","TCP-Inverter(COM2-2)","190.08","","","","","","","","0.05","0","0","2.15","0","","18.06","10.17","35.38","","","","","","","","","","","","","","",""
"TEM Building A","TEM A","TEM1Inverter 1","119.7","347.56","510.2","250.89","226.17","269.76","420.15","447.04","563.64","420.65","499.39","469.69","61.86","446.42","491.91","476.19","450.44","","","","","","","","","","","","","","",""
"TEM Building A","TEM A","TEM1Inverter 2","119.7","347.93","505.76","247.44","227.55","270.21","425.95","445.48","568.9","428.59","506.71","477.59","61.8","443.83","498.34","477.24","456.22","","","","","","","","","","","","","","",""
"TEM Building A","TEM A","TEM1Inverter 3","119.7","347.53","503.73","248.19","228.15","270.13","424.93","442.17","565.78","429.04","504.96","475.61","61.89","440.63","495.88","472.3","453.28","","","","","","","","","","","","","","",""
"TEM Building A","TEM A","TEM1Inverter 4","119.7","350.44","510.65","257.16","226.32","269.54","421.08","454.99","569.36","428.65","510.31","477.28","61.89","453.6","500.83","484.84","461.81","","","","","","","","","","","","","","",""
"TEM Building A","TEM A","TEM1Inverter 5","119.7","349.55","505.93","257.24","223.45","268.82","416.68","453.89","560.63","425.42","507.66","473.31","61.75","450.3","495.63","482.96","458.99","","","","","","","","","","","","","","",""
"TEM Building A","TEM A","TEM1Inverter 6","119.7","343.14","498.58","241.79","225.59","269.13","422.67","394.78","555.99","422.4","498.22","470.15","61.74","435.7","490.52","467.43","449.01","","","","","","","","","","","","","","",""
"TEM Building A","TEM A","TEM1Inverter 7","119.7","340.73","495.04","237.42","224.7","269.05","419.04","432.48","553.6","415.34","494.32","466.78","61.67","430.02","487.36","463.7","446.24","","","","","","","","","","","","","","",""
"TEM Building A","TEM A","TEM1Inverter 8","119.7","347.55","502.8","256.55","222.5","268.68","416.77","452.74","554.38","421.62","505.77","473.42","60.4","451.43","495.41","481.34","453.98","","","","","","","","","","","","","","",""
"TEM Building B","TEM B","","133","347.84","459.87","198.02","238.87","153.96","372.71","375.03","360.48","303.6","453.72","222.3","176.4","346.06","261.23","209.32","320.95","","","","","","","","","","","","","","",""
"TEM Building B","TEM B","","53.2","144.02","197.9","84.97","96.59","75.87","157.24","162.25","162","133.44","192.23","105.63","79.81","150.69","119.77","99.21","144.96","","","","","","","","","","","","","","",""
"TEM Building C","TEM C","","53.2","148.63","208.41","103.7","92.47","37.57","175.11","172.29","118.3","102.36","119.05","103.14","40.24","143.16","102.42","138.57","110.87","","","","","","","","","","","","","","",""
"TER 133.00 kWp","TER Ph.1","","133","313.21","370","221.86","139.12","297.72","352.24","402.89","559.61","365.26","518.71","450.38","278.82","378.35","384.23","463.72","400.32","","","","","","","","","","","","","","",""
"TER2 114.38 kWp","TER Ph.2","","114.38","226.02","208.35","185.17","12.55","143.57","12.78","10.19","253.77","122.34","124.75","215.71","229.29","13.36","158.34","264.88","380.74","","","","","","","","","","","","","","",""
"TEM Building A","TEM Building A","TEST Inverter","","","","","","","","","","","","","","","","","","","","","","","","","","","","","","","",""
"TIA LIANG 532.00 kWp","TIA LIANG","","180.18","394.32","570.4","40.79","437.83","444.9","364.93","127.67","681.53","611.8","705.64","458.69","699.67","750.38","37.96","566.93","719.11","","","","","","","","","","","","","","",""
"TIA LIANG 532.00 kWp","TIA LIANG","","180.18","400.11","577.3","40.76","447.12","458.14","375.75","113.14","664.71","629.87","724.29","470.69","713","762.91","38.16","593.75","728.77","","","","","","","","","","","","","","",""
"TIA LIANG 532.00 kWp","TIA LIANG","","171.64","303.36","430.35","27.21","334.7","343.08","284.58","97.49","600.5","476.46","536.25","355.75","530.74","574.99","25.58","441.9","574.8","","","","","","","","","","","","","","",""
"TOYOTA BURIRAM","TOYOTA BURIRAM","TO(BU_100KTL_NO_01","97.2","430.47","389.78","344.44","210.11","68.08","219.75","407.97","482.98","333.15","343.43","285.59","112.39","313.12","350.92","435.87","412.69","","","","","","","","","","","","","","",""
"TOYOTA BURIRAM","TOYOTA BURIRAM","TO(BU_100KTL_NO_02","97.2","344.68","318.11","278.08","170.57","67.15","178.57","328.66","383.99","267.57","274.4","230.34","103.99","252.85","278.59","348.44","336.54","","","","","","","","","","","","","","",""
"TOYOTA BURIRAM","TOYOTA BURIRAM","TO(BU_36KTL_NO_03","38.88","163.94","150.41","135.76","81.95","24.84","87.56","160.36","183.98","129.64","133.19","109.77","41.97","121.14","131.46","162.04","162.53","","","","","","","","","","","","","","",""
"TOYOTA KHONKAEN HEAD OFFICE","TOYOTA HEAD OFFICE","TO(KHON_100KTL_NO_01","108.8","327.55","375.7","263.35","263.53","244.73","323.55","269.67","242.42","372.54","317.33","358.52","260.48","446.88","423.82","476.64","433.16","","","","","","","","","","","","","","",""
"TOYOTA KHONKAEN HEAD OFFICE","TOYOTA HEAD OFFICE","TO(KHON_100KTL_NO_02","108.8","326.32","375.47","261.65","262.49","243.97","322.5","268.22","241.74","371.62","316.82","358.46","259.76","444.96","421.98","475.03","432.69","","","","","","","","","","","","","","",""
"TOYOTA KHONKAEN HEAD OFFICE","TOYOTA HEAD OFFICE","TO(KHON_100KTL_NO_03","108.8","326.62","374.85","262.09","264.17","244.94","322.98","269.51","242.41","372.38","316.97","357.75","260.4","444.6","420.99","473.54","432.65","","","","","","","","","","","","","","",""
"TOYOTA LOEI","TOYOTA LOEI","TO(LOEI_100KTL_NO_01","97.2","343.71","322.64","393.56","297.91","14.51","288.84","353.64","253.46","222.4","223.52","232.84","22.71","333.31","352.33","360.63","278.34","","","","","","","","","","","","","","",""
"TOYOTA LOEI","TOYOTA LOEI","TO(LOEI_100KTL_NO_02","97.2","311.77","294.1","357.95","269.31","14.58","263.01","321.93","231.85","201.37","202.74","208.88","22.8","302.67","323.7","327.71","253.1","","","","","","","","","","","","","","",""
"TOYOTA MALIWAN","TOYOTA MALIWAN","TO(MALI_100KTL_NO_01","102.6","259.08","341.58","298.79","196.67","96.15","260.14","243.19","200.67","266.73","240.23","231.45","46.93","336.31","290.47","280.92","312.84","","","","","","","","","","","","","","",""
"TOYOTA MALIWAN","TOYOTA MALIWAN","TO(MALI_100KTL_NO_02","71.82","287.5","383.15","329.75","219.92","103.36","286.85","266.13","224.14","295.22","266.38","255.69","49.24","372.43","320.9","311.92","348.52","","","","","","","","","","","","","","",""
"TOYOTA SRICHAN","TOYOTA SRICHAN","TO(SRI_100KTL_NO_02","109","222.16","261.79","153.61","122.54","85.23","210.43","174.64","157.67","234.37","186.88","148.19","19.98","229.61","193.81","317.21","236.77","","","","","","","","","","","","","","",""
"TOYOTA SRICHAN","TOYOTA SRICHAN","TO(SRI_50KTL_NO_01","43.6","100.77","121.54","71.88","58.81","39.13","96.44","81.8","72.54","109.68","87.37","70.19","9.84","107.29","90.17","143.97","112.96","","","","","","","","","","","","","","",""
"KKE_TTT","Thongthai Ph.1","Tongth_100KTL_NO_01","118.8","265.93","245.73","152.35","113.26","292.9","258.88","340.12","342.56","275.91","339.81","296.66","234.88","276.56","388.84","347.11","273.08","","","","","","","","","","","","","","",""
"KKE_TTT","Thongthai Ph.1","Tongth_100KTL_NO_02","118.8","263.29","238.85","145.56","108.99","293.6","255.22","335.42","348.09","272.59","346.77","300.68","230.27","266.24","386.47","338.47","264.94","","","","","","","","","","","","","","",""
"KKE_TTT","Thongthai Ph.1","Tongth_100KTL_NO_03","118.8","282.85","248.86","152.29","114.96","317.85","273.41","353.92","376.54","291.43","372.72","322.15","246.12","281.65","410.47","357.24","278.45","","","","","","","","","","","","","","",""
"KKE_TTT","Thongthai Ph.1","Tongth_100KTL_NO_04","118.8","304.47","272.11","173.45","129.27","335.65","294.04","379.16","391.79","312.2","388.83","342.01","267.32","307.34","437.42","386.93","302.89","","","","","","","","","","","","","","",""
"KKE_TTT","Thongthai Ph.1","Tongth_100KTL_NO_05","118.8","338.34","295.5","192.64","142.58","371.58","325.55","413.71","427.37","344.34","427.25","377.44","297.5","338.19","479.62","425.56","332.53","","","","","","","","","","","","","","",""
"KKE_TTT","Thongthai Ph.1","Tongth_100KTL_NO_06","118.8","346.63","294.64","191.58","143.38","386.5","332.69","418.02","450.4","352.74","447.36","392.07","306.12","340.05","489.39","430.25","334.74","","","","","","","","","","","","","","",""
"KKE_TTT","Thongthai Ph.1","Tongth_100KTL_NO_07","118.8","336.6","290.2","188.25","140.68","375.51","325.34","414.1","440.34","344.4","436.94","381.8","298.35","335.48","481.52","426.7","330.72","","","","","","","","","","","","","","",""
"KKE_TTT","Thongthai Ph.2","Tongth_100KTL_NO_08","118.8","338.58","292.87","190.09","141.59","375.56","326.5","417.82","438.56","345.82","439.31","381.11","300.99","337.17","487.67","431.89","333.84","","","","","","","","","","","","","","",""
"KKE_TTT","Thongthai Ph.3","Tongth_100KTL_NO_1P3","126","359.33","302.52","206.19","155.35","403.49","348.45","435.36","467.51","378.81","462.83","417.07","327.46","366.7","526.04","471.48","355.97","","","","","","","","","","","","","","",""
"KKE_TTT","Thongthai Ph.3","Tongth_100KTL_NO_2P3","126","330.02","280.97","189.66","141.82","366.31","315.95","419.1","429.52","347.15","424.89","380.75","300.09","339.88","486.92","434.39","331.44","","","","","","","","","","","","","","",""
"KKE_TTT","Thongthai Ph.3","Tongth_100KTL_NO_3P3","126","271.5","244.88","147.16","115.49","303.81","259.33","345.73","363","288.55","368.1","315.94","240.97","272.08","397.13","352.27","276.18","","","","","","","","","","","","","","",""
"KKE_TTT","Thongthai Ph.3","Tongth_100KTL_NO_4P3","126","377.07","309.18","215.76","160.9","424.42","366.42","450.87","477.84","389.65","471.47","434.6","341.22","378.96","537.27","482.31","369.59","","","","","","","","","","","","","","",""
"KKE_TTT","Thongthai Ph.3","Tongth_100KTL_NO_5P3","126","364.41","312.53","211.87","158.61","409.25","352.8","457.83","470.53","383.21","464.9","419.39","331.94","370.09","530.36","475.55","359.67","","","","","","","","","","","","","","",""
"KKE_TTT","Thongthai Ph.3","Tongth_100KTL_NO_6P3","0","393.26","322.38","216.54","161.46","440.83","374.8","458.81","487.95","413.81","493.01","458.01","350.39","381.08","544.81","491.32","375.2","","","","","","","","","","","","","","",""
"KKE_TTT","Thongthai Ph.3","Tongth_100KTL_NO_7P3","126","162.41","152.68","88.55","66.99","183.82","156.2","202.9","216.15","172.09","216.76","189.76","145.27","165.39","235.75","208.48","170.64","","","","","","","","","","","","","","",""
"KKE_TTT","Thongthai Ph.3","Tongth_100KTL_NO_8P3","126","381.55","314.17","220.77","162.72","428.96","369.32","475.28","492.35","399.57","489.47","439.83","348.92","384.97","549.91","494.71","374.59","","","","","","","","","","","","","","",""
"KKE_TTT","Thongthai Ph.3","Tongth_100KTL_NO_9P3","","","","","","","","","","","","","","","","","","","","","","","","","","","","","","","",""
"KKE_TTT","Thongthai Ph.2","Tongth_50KTL_NO_09","39.6","118.65","105.6","63.74","48.32","135.11","114.89","146.03","161.49","122.47","160.99","138.79","105.95","118.71","173.4","149.84","120.74","","","","","","","","","","","","","","",""
"T.P.K. ASIAN FOODS","T.P.K. ASIAN FOODS","TPK_100KTL_NO_01","127.68","210.74","101.32","83.98","290.31","323.36","392.91","264.65","233.69","441.23","214.32","214.57","209.71","211.6","141.64","309.2","213.28","","","","","","","","","","","","","","",""
"T.P.K. ASIAN FOODS","T.P.K. ASIAN FOODS","TPK_100KTL_NO_02","117.48","185.25","83.91","70.64","275.75","308.32","369.89","249.95","214.77","422.96","190.06","210.16","191.21","192.04","124.99","300.93","188.04","","","","","","","","","","","","","","",""
"TS. industry","TS. industry","TS._50KTL_NO_01","53.2","226.5","250.11","213.22","142.56","6.36","200.65","189.77","231.84","185.95","200.61","208.29","6.65","191.95","248.67","216.27","161.86","","","","","","","","","","","","","","",""
"TS. industry","TS. industry","TS._50KTL_NO_02","50.54","228.05","251.37","214.53","143.18","6.24","201.8","191.44","232.42","186.77","201.71","209.22","6.58","193.24","249.56","217.92","162.71","","","","","","","","","","","","","","",""
"TS. industry","TS. industry","TS._50KTL_NO_03","53.2","218.94","240.06","205.58","138.13","6.15","197.51","181.89","224.22","178.71","191.51","200.24","6.42","183.89","242.84","207.28","156.09","","","","","","","","","","","","","","",""
"TS. industry","TS. industry","TS._50KTL_NO_04","53.2","218.17","236.3","207.32","140","6.48","190.54","191.71","214.1","182.21","195.29","202.77","6.63","191.55","237.42","213.06","161.44","","","","","","","","","","","","","","",""
"TS. industry","TS. industry","TS._50KTL_NO_05","53.2","218.7","238.85","206.37","139.17","6.44","191.55","190.59","217.41","181.62","195.24","200.44","6.8","190.51","237.32","212.69","160.88","","","","","","","","","","","","","","",""
"TS. industry","TS. industry","TS._50KTL_NO_06","","197.23","215.46","188.82","129.73","6.04","177.61","178.92","200.9","168.74","180.54","184.48","6.35","176.87","221.79","197.54","148.97","","","","","","","","","","","","","","",""
"TS. industry","TS. industry","TS._50KTL_NO_07","39.9","113.74","118.99","115.72","81.58","4.66","91.86","128.91","116.42","107.66","115.77","111.85","4.62","116.99","132.37","131.42","100.7","","","","","","","","","","","","","","",""
"Thongtong Rubber","Thongtong Rubber","TTR_100KTL-NO-1","103.68","55.14","121.88","54.76","42.79","35.45","51.33","48.56","78.24","72.81","69.84","80.81","65.57","176.63","302.35","305.45","358.84","","","","","","","","","","","","","","",""
"Thongtong Rubber","Thongtong Rubber","TTR_100KTL-NO-2","103.68","55.36","123.81","54.79","42.95","35.57","51.17","48.59","78.36","73.35","69.91","81.27","65.02","174.42","299.92","313.9","353.76","","","","","","","","","","","","","","",""
"Thongtong Rubber","Thongtong Rubber","TTR_100KTL-NO-3","103.68","54.78","122.4","54.47","41.75","35.11","49.93","47.06","76.17","72.2","68.79","78.87","63.81","165.82","281.93","303.12","336.49","","","","","","","","","","","","","","",""
"Thongtong Rubber","Thongtong Rubber","TTR_100KTL-NO-4","108","51.95","117.65","53.11","40.26","34.7","46.29","44.71","69.15","70.7","66.62","67.12","60.75","148.44","255.22","271.49","319.64","","","","","","","","","","","","","","",""
"Thongtong Rubber","Thongtong Rubber","TTR_100KTL-NO-5","108","53.89","119.45","54.22","42.01","35.26","49.94","47.21","74.65","72.2","68.72","76.11","63.44","169.39","293.68","291.54","353.62","","","","","","","","","","","","","","",""
"Thongtong Rubber","Thongtong Rubber","TTR_100KTL-NO-6","108","54.62","119.65","54.8","42.38","35.39","50.25","47.92","76.46","72.81","69.42","78.22","64.71","173.89","301.9","297.49","361.74","","","","","","","","","","","","","","",""
"Thongtong Rubber","Thongtong Rubber","TTR_100KTL-NO-7","108","54.55","119.19","54.49","42.05","35.3","50.37","47.8","76.39","72.56","69.35","78.87","64.56","172.41","300.03","293.55","359.36","","","","","","","","","","","","","","",""
"Thongtong Rubber","Thongtong Rubber","TTR_100KTL-NO-8","108","52.23","113.13","53.15","40.06","34.67","47.4","45.74","71.05","70.74","67.84","71.54","62.32","162.4","272.36","249.46","325.81","","","","","","","","","","","","","","",""
"Thongtong Rubber","Thongtong Rubber","TTR_60KTL-NO-10","56.16","30.09","66.11","30.82","22.7","20.53","25.91","26.18","38.73","41.31","39.58","36.24","35.84","85.49","141.34","131.25","168.08","","","","","","","","","","","","","","",""
"Thongtong Rubber","Thongtong Rubber","TTR_60KTL-NO-9","64.8","31.85","69.23","32.31","24.74","21.2","29.38","28.16","44.11","43.05","41.32","44.42","38.02","99.85","170.59","159.9","204.2","","","","","","","","","","","","","","",""
"VGreen","VGreen","Vgreen_100KTL_NO_01","95.4","210.44","340.88","278.58","231.14","194.95","101.62","127.39","337.38","264.08","303.34","195.27","200.45","304.94","230.86","194.99","322.28","","","","","","","","","","","","","","",""
"VGreen","VGreen","Vgreen_100KTL_NO_02","95.4","214.69","348.27","284.92","235.02","195.75","103.26","130.13","344.69","269.53","309.02","201.33","201.52","317.78","237.41","196.89","332.84","","","","","","","","","","","","","","",""
"VGreen","VGreen","Vgreen_100KTL_NO_03","95.4","216.93","347.02","286.26","238.34","196.68","103.62","130.92","349.39","267.24","311.23","206.35","203.02","326.88","246.75","199.07","339.83","","","","","","","","","","","","","","",""
"VGreen","VGreen","Vgreen_100KTL_NO_04","95.4","213.64","329.37","274.23","228.69","194.66","102.59","127.2","346.66","247.89","301.89","203.67","200.66","320.32","251.75","199.05","330.67","","","","","","","","","","","","","","",""
"VGreen","VGreen","Vgreen_100KTL_NO_05","76.32","173.89","277.67","218.76","182.2","179.83","78.83","101.61","294.45","224.87","259.4","160.08","185.94","254.19","209.51","183.96","273.8","","","","","","","","","","","","","","",""
"Wiremesh Khonkaen","Wiremesh Khonkaen","WM_100KTL_NO_01","125.55","343.05","357.01","264.09","288.6","16.25","314.94","307.02","287.96","411.45","347.47","369.64","26.43","395.69","399.14","494.94","420.19","","","","","","","","","","","","","","",""
"Wiremesh Khonkaen","Wiremesh Khonkaen","WM_100KTL_NO_02","125.55","319.12","327.18","242.89","268.81","16.29","295.5","282.63","270.24","382.57","322.01","347.95","26.09","368.58","364.14","440.56","389.69","","","","","","","","","","","","","","",""
"Wiremesh Khonkaen","Wiremesh Khonkaen","WM_60KTL_NO_001","66.96","189.91","198.93","146.51","157.92","9.77","171.58","167.72","157.12","227.23","187.77","202.9","15.74","218.6","216.1","271.05","231.19","","","","","","","","","","","","","","",""
"Wiremesh Khonkaen","Wiremesh Khonkaen","WM_60KTL_NO_002","66.96","176.82","182.59","133.72","146.38","9.74","161.56","155.67","148.75","211.89","175.76","191.42","15.6","202.24","197.89","241.25","215.58","","","","","","","","","","","","","","",""
"Wiremesh Chonburi","Wiremesh Chonburi","WM_CBI 1","74.2","329.71","401.55","166.51","171.2","23.18","272.58","357.3","426.02","273.69","374.33","357.83","7.1","346.99","398.67","383.42","325.39","","","","","","","","","","","","","","",""
"Wiremesh Chonburi","Wiremesh Chonburi","WM_CBI 2","95.4","295.16","365.27","137.63","152.31","23.14","267.45","310.91","405.79","262.4","354.87","325.21","7.06","297.75","366.51","333.89","283.39","","","","","","","","","","","","","","",""
"Wiremesh Chonburi","Wiremesh Chonburi","WM_CBI 3","78.44","298.42","360.65","148.32","152.69","23.2","245.37","327.69","388.46","250.25","339.86","321.27","7.08","311.06","359.08","349.49","295.75","","","","","","","","","","","","","","",""
"Wiremesh Korat","Wiremesh Korat","WM_NMA100-KTL_NO_01","92.22","341.79","361.52","331.98","272.26","20.77","207.18","180.79","323.64","357.52","327.62","325.04","19.99","379.37","314.27","413.22","436.18","","","","","","","","","","","","","","",""
"Wiremesh Korat","Wiremesh Korat","WM_NMA100-KTL_NO_02","92.22","316.42","337.49","311.56","267.43","20.87","197.32","173.67","308.66","342.77","315.48","313.62","20.01","357.54","307.03","386.98","403.89","","","","","","","","","","","","","","",""
"Wiremesh Korat","Wiremesh Korat","WM_NMA100-KTL_NO_03","92.22","283.92","302.47","278.48","233.39","20.61","174.45","156.15","273.23","303.97","278.27","277.44","20.07","318.95","269.56","346.54","362.19","","","","","","","","","","","","","","",""
"Wonnapob Carport","Wonnapob Carport","WNPInverter(COM1-1)","126","411.76","498.75","419.07","191.21","227.19","401.24","474.42","418.3","404.88","454.06","211.16","397.8","389.52","410.58","414.19","370.25","","","","","","","","","","","","","","",""
"Wonnapob Carport","Wonnapob Carport","WNPInverter(COM1-2)","","19.16","23.11","18.3","9.11","10.64","17.6","21.55","19.4","17.88","19.86","9.86","17.69","17.48","18.87","18.94","16.63","","","","","","","","","","","","","","",""
"YK SD SOLAR ENERGY","YKSD solar","YKSDInverter1","73.08","221.42","144.99","132.55","79.97","133.85","145.69","135.65","158.13","159","171.17","190.34","199.54","143.1","145.92","160.53","140.16","","","","","","","","","","","","","","",""
"YK SD SOLAR ENERGY","YKSD solar","YKSDInverter2","61.74","189.26","140.67","123.85","69.35","129.12","140.21","128.38","153.61","157.25","168.12","177.57","180.04","133.17","140.28","154.82","133.32","","","","","","","","","","","","","","",""
"YK SD SOLAR ENERGY","YKSD solar","YKSDInverter3","60.48","164.61","139.44","121.24","69.01","128.68","139.64","128.34","150.8","154.91","165.74","174.05","177.59","132.56","139.54","154.19","132.91","","","","","","","","","","","","","","",""
"YK SD SOLAR ENERGY","YKSD solar","YKSDInverter4","54.18","188.11","134.79","112.86","61.07","123.5","134.6","121.46","146.14","152.33","161.95","162.09","160.8","124.48","134.27","148.91","126.79","","","","","","","","","","","","","","",""
"YPB Chum Phae","Mitsu ChumPhae","YPB_CP_60KTL_NO_01","51.84","122.82","161.11","150.42","115.35","5.57","146.71","142.62","119.89","136.7","144.38","121.26","6.3","157.75","156.57","156.14","163.48","","","","","","","","","","","","","","",""
"YPB Khonkaen 1","Mitsu KhonKaen Ph.1","YPB1_100KTL_NO_01","91.8","227.09","215.46","212.11","226.12","43.34","244.51","242.91","194.88","296.59","256.47","230.16","56.23","315.73","275.95","349.07","368.62","","","","","","","","","","","","","","",""
"YPB  Khonkaen 2","Mitsu KhonKaen Ph.2","YPB2_10KTL_NO_01","10.8","29.73","29.5","28.45","30.04","26.01","32.34","31.72","25.78","39.64","33.79","30.34","37.25","42.51","36.76","46.2","48.29","","","","","","","","","","","","","","",""
"ดำรงวนิช","Dumrongvanich Ph.1","ดำรง_01","","574.21","592.36","442.27","384.4","14.99","478.05","582.86","699.58","460.6","506.03","528.17","23.48","462.47","609.01","551.21","546.57","","","","","","","","","","","","","","",""
"ดำรงวนิช","Dumrongvanich Ph.1","ดำรง_02","124.74","579.33","601.61","451.68","392.18","15.12","488.95","582.86","616.7","397.36","454.15","462.36","22.15","404.69","538.03","494.76","482.57","","","","","","","","","","","","","","",""
"ดำรงวนิช","Dumrongvanich Ph.1","ดำรง_03","124.74","578.94","601.41","452.16","389.99","14.99","492.54","524.53","625.51","402.89","457.92","471.88","22.52","412.54","545.20","497.34","488.15","","","","","","","","","","","","","","",""
"ดำรงวนิช","Dumrongvanich Ph.1","ดำรง_04","124.74","586.29","600.34","444.51","384.56","15.10","471.84","525.52","626.54","400.63","456.53","466.98","22.04","410.99","540.06","491.41","485.35","","","","","","","","","","","","","","",""
"ดำรงวนิช","Dumrongvanich Ph.2","ดำรง_05","124.74","656.11","683.22","525.96","451.10","15.35","555.78","519.93","625.63","405.05","462.99","469.61","22.71","407.89","549.6","510.17","493.51","","","","","","","","","","","","","","",""
"ดำรงวนิช","ดำรงวนิช","ดำรง_36KTL5","","","","","","","","540.8","","","","","","","","","","","","","","","","","","","","","","","",""
"WH01 888.30kWp (Eternal Resin)","WH01 888.30kWp (Eternal Resin)","","","","","","","","","","","","","","","","","","","","","","","","","","","","","","","","",""
"โรงสีศรีสกลเพียวไรซ์","Srisakol Pure Rice Mill","โรงสี_1","105.6","362.99","399.93","219.12","218.33","161.39","189.83","291.7","229.19","312.27","314.28","207.58","192.78","217.21","320.8","304.06","337.61","","","","","","","","","","","","","","",""
"โรงสีศรีสกลเพียวไรซ์","Srisakol Pure Rice Mill","โรงสี_2","118.8","363.96","329.11","213.36","212.45","154.27","185.25","303.67","233.12","303.26","328.24","202.15","232.31","227.92","370.99","292.68","385.63","","","","","","","","","","","","","","",""
"โรงสีศรีสกลเพียวไรซ์","Srisakol Pure Rice Mill","โรงสี_3","118.8","382.76","394.99","226.35","231.06","170.01","202.25","319.43","247.9","337.56","349.62","225.55","222.98","231.49","359.29","334.41","395.42","","","","","","","","","","","","","","",""
"โรงสีศรีสกลเพียวไรซ์","Srisakol Pure Rice Mill","โรงสี_4","118.8","415.14","438.82","242.01","253.27","187.03","224.72","344.78","269.55","372.61","383.06","251.4","234.51","240.79","367.08","377.02","427.34","","","","","","","","","","","","","","",""
"KK energy resources","KK energy resources","","","","","","","","","","","","","","","","","","","","","","","","","","","","","","","","",""
"Unity Harness Limited","Unity Harness","INVERTER - 1","","498.89","439.51","511.68","353.57","149.99","476.61","478.56","533.03","491.73","431.39","16.54","15.71","387.92","414.78","489.68","500.89","","","","","","","","","","","","","","",""
"Unity Harness Limited","Unity Harness","INVERTER - 2","","497.57","436.36","511.66","352.53","150.08","475.88","478.07","532.32","490.65","430.46","16.5","15.73","385.87","412.37","487.52","501.4","","","","","","","","","","","","","","",""
"Unity Harness Limited","Unity Harness","INVERTER - 3","","497.36","438.55","513.04","354.24","149.92","479.96","477.57","533.89","492.76","431.08","16.42","15.67","388.14","414.19","490.4","500.68","","","","","","","","","","","","","","",""
"FAST Factory 1","FAST Factory 1","Inverter(COM1-1)","205.92","661.9","930.33","423.83","337.21","856.28","827.92","928.24","1,032.95","640.93","184.59","171.75","671.5","826","980.22","988.3","778.39","","","","","","","","","","","","","","",""
"FAST Factory 1","FAST Factory 1","Inverter(COM1-2)","51.48","180.49","261.45","103.63","84.98","236.13","214.26","237.92","288.81","160.2","57.75","55.26","168.1","204.67","256.12","250.38","196.18","","","","","","","","","","","","","","",""
"FAST Factory 1","FAST Factory 1","Inverter(COM1-3)","51.48","179.11","252.08","103.94","82.96","228.47","205.96","236.58","275.71","159.34","57.82","55.19","166.94","205.43","251.83","251.19","193.52","","","","","","","","","","","","","","",""
"FAST Factory 1","FAST Factory 1","Inverter(COM1-4)","51.48","176.4","248.23","101.89","81.51","223.9","201.2","234.94","271.67","157.25","57.96","55.17","164.5","202.91","248.22","249.35","189.83","","","","","","","","","","","","","","",""
"FAST Factory 1","FAST Factory 1","Inverter(COM1-5)","51.48","177.86","238.49","101.17","81.73","224.07","202.21","236.28","271.99","157.92","57.51","55.16","164.02","203.59","248.6","249.55","191.16","","","","","","","","","","","","","","",""
"Siam Paragon Solutions","Siam Paragon Solutions","Inverter(COM3-2)","","549.78","580.62","325.17","90.84","72.01","454.28","523.4","639.94","532.9","555.2","477.84","62.71","481.02","579.34","576.7","434.81","","","","","","","","","","","","","","",""
"A.J. Plast","A.J. Plast","Inverter_10 Farm.","198.8","441.32","800.94","413.25","279.17","622.51","526.22","884.19","1,023.56","580.21","919.45","855.40","540.97","625.92","867.18","922.41","543.1","","","","","","","","","","","","","","",""
"A.J. Plast","A.J. Plast","Inverter_11 Farm.","198.8","442.52","807.55","363.12","281.02","639.34","552.68","898.31","1,011.99","583.85","916.05","857.60","543.07","629.25","868.62","923.68","545.6","","","","","","","","","","","","","","",""
"A.J. Plast","A.J. Plast","Inverter_12 Farm.","198.8","442.99","811.04","362.22","281.46","649.29","554.39","889.46","1,031.32","585.34","924.51","859.24","542.85","629.81","870.38","928.04","545.06","","","","","","","","","","","","","","",""
"A.J. Plast","A.J. Plast","Inverter_13 Farm.","198.8","441.24","815.08","432.88","279.04","641.98","515.25","897.07","1,018.54","581.87","924.23","859.74","542.88","627.46","869.12","924.08","544.25","","","","","","","","","","","","","","",""
"A.J. Plast","A.J. Plast","Inverter_14 Farm","198.8","444.16","810.60","414.59","281.25","652.36","529.79","884.45","1,005.44","585.41","923.64","859.61","543.38","629.17","866.82","924.71","546.37","","","","","","","","","","","","","","",""
"A.J. Plast","A.J. Plast","Inverter_15 Farm.","198.8","441.26","815.58","384.42","279.73","661.48","561.76","884.39","1,018.22","585.62","926.42","860.21","541.64","627.80","866.88","926.70","544.54","","","","","","","","","","","","","","",""
"A.J. Plast","A.J. Plast","Inverter_16 Farm.","198.8","442.74","810.81","369.16","279.94","613.96","540.81","897.69","1,034.01","584.15","922.76","858.19","541.08","627.03","864.36","924.48","544.66","","","","","","","","","","","","","","",""
"A.J. Plast","A.J. Plast","Inverter_17 Farm.","198.8","437.80","803.15","373.53","278.29","584.67","566.75","842.79","956.83","578.13","915.41","847.07","534.85","619.98","837.41","909.44","541.11","","","","","","","","","","","","","","",""
"A.J. Plast","A.J. Plast","Inverter_18 Farm.","198.8","437.63","806.71","425.41","277","639.73","548.14","882.93","983.14","576.31","913.59","850.85","535.16","620.25","856.68","912.48","539","","","","","","","","","","","","","","",""
"A.J. Plast","A.J. Plast","Inverter_19 Farm.","198.8","436.40","806.46","407.49","276.15","632.1","548.24","874.40","1,030.67","575.27","915.83","851.64","533.83","618.52","857.15","778.45","538.58","","","","","","","","","","","","","","",""
"A.J. Plast","A.J. Plast","Inverter_20 Farm.","198.8","438.65","809.15","422.48","278.57","656.33","565.54","890.69","1,001.12","576.43","914.67","854.15","534.65","620.50","856.54","916.52","538.50","","","","","","","","","","","","","","",""
"A.J. Plast","A.J. Plast","Inverter_21 Farm.","198.8","440.70","809.74","412.36","281.28","647.21","545.13","906.48","1,024.51","580.68","917.54","855.68","537.53","624.42","861.89","925.03","541.78","","","","","","","","","","","","","","",""
"A.J. Plast","A.J. Plast","Inverter_22 Farm.","198.8","442.12","808.04","363.05","280.24","648.29","571.54","858.53","965.97","582.85","917.06","856.90","540.14","625.75","849.30","923.95","544.09","","","","","","","","","","","","","","",""
"A.J. Plast","A.J. Plast","Inverter_29Bopet150k","198.8","371.17","570.85","282.1","183.43","670.98","410.99","339.82","306.83","314.35","767.45","548.63","345.22","543.65","881.28","906.23","566.10","","","","","","","","","","","","","","",""
"A.J. Plast","A.J. Plast","Inverter_30Bopet150k","198.8","351.86","418.63","233.78","224.55","549.86","406.85","288.06","242.13","260.55","707.35","369.46","310.39","391.93","696.38","803.36","560.78","","","","","","","","","","","","","","",""
"A.J. Plast","A.J. Plast","Inverter_31Bopp.50k","56.8","135.86","257.02","128.42","82.75","202.86","121.3","147.87","171.74","173.16","293.71","264.68","162.53","185.28","265.06","277.69","166.32","","","","","","","","","","","","","","",""
"RIKA JTW HEAT TREATMENT SOLAR ROOFTOP 1329.90kW","RIKA","Inverter01","188.76","549.98","777.01","387.04","305.92","770.53","661.5","698.63","734.06","566.54","849.72","773.9","579.67","494.03","643","737.82","646.94","","","","","","","","","","","","","","",""
"RIKA JTW HEAT TREATMENT SOLAR ROOFTOP 1329.90kW","RIKA","Inverter02","188.76","546.05","767.33","385.79","300.51","759.65","652.53","692.25","724.35","555.36","835.02","761.49","572.17","492.1","639.04","732.42","641.87","","","","","","","","","","","","","","",""
"RIKA JTW HEAT TREATMENT SOLAR ROOFTOP 1329.90kW","RIKA","Inverter03","188.76","548.44","774.76","387.78","302.33","766.96","658","694.01","731.11","560.65","839.77","767.05","576.68","493.76","641.11","734.93","646.15","","","","","","","","","","","","","","",""
"RIKA JTW HEAT TREATMENT SOLAR ROOFTOP 1329.90kW","RIKA","Inverter04","188.76","551.86","776.30","393.35","305.93","772.2","662.87","697.45","733.91","563.14","842.94","771.46","579.19","494.49","644.62","739.53","648.22","","","","","","","","","","","","","","",""
"RIKA JTW HEAT TREATMENT SOLAR ROOFTOP 1329.90kW","RIKA","Inverter05","188.76","555.68","788.87","391.88","310.97","785.08","673.24","704.96","746.17","574.46","859.83","784.95","585.98","496.78","648.86","744.23","652.99","","","","","","","","","","","","","","",""
"RIKA JTW HEAT TREATMENT SOLAR ROOFTOP 1329.90kW","RIKA","Inverter06","194.48","560.74","807.07","390.03","320.18","804","689.16","716.27","761.57","590.15","885.97","805.05","595.19","500.5","656.12","751.36","657.97","","","","","","","","","","","","","","",""
"RIKA JTW HEAT TREATMENT SOLAR ROOFTOP 1329.90kW","RIKA","Inverter07","191.62","560.18","805.95","389.09","316.76","803.28","687.02","714.71","759.15","590.7","886.01","804.55","596.11","499.3","654.39","752.73","659.21","","","","","","","","","","","","","","",""
"A.J. Plast","A.J. Plast","Inverter1 Farm.","184.6","428.1","791.04","357.97","266.5","617.36","484.3","857.58","964.67","550.71","886.15","823.9","522.24","598.66","827.01","879.38","517.9","","","","","","","","","","","","","","",""
"A.J. Plast","A.J. Plast","Inverter2 Farm","184.6","418.38","782.88","341.24","258.94","606.95","539.89","846.09","966.21","539.13","877.30","810.68","509.88","583.5","816.9","838.5","506.51","","","","","","","","","","","","","","",""
"A.J. Plast","A.J. Plast","Inverter3 Farm","184.6","419.32","785.83","388.23","259.11","602.79","547.49","836.02","965.3","536.61","875.69","809.26","508.02","581.32","816.88","861.41","504.43","","","","","","","","","","","","","","",""
"A.J. Plast","A.J. Plast","Inverter4 Farm.","184.6","419.96","790.05","402.86","259.89","583.51","494.43","830.44","724.97","538.89","879.12","811.28","510.5","584.05","820.33","815.41","507.35","","","","","","","","","","","","","","",""
"A.J. Plast","A.J. Plast","Inverter5 Farm.","184.6","418.86","784.73","403.8","259.24","593.13","489.23","830.94","945.15","539.8","878.59","809.61","509.59","584.13","818.74","865.58","506.97","","","","","","","","","","","","","","",""
"A.J. Plast","A.J. Plast","Inverter6 Farm.","184.6","423.07","789.60","405.22","263.08","609.76","548.93","839.16","976.66","545.82","881.62","813.44","515.81","590.32","823.36","734.1","511.46","","","","","","","","","","","","","","",""
"A.J. Plast","A.J. Plast","Inverter7 Farm.","184.6","418.73","786.03","394.28","259.49","588.74","518.8","837.15","973.58","539.14","876.97","808.50","509.34","581.51","817.41","862.63","505.92","","","","","","","","","","","","","","",""
"A.J. Plast","A.J. Plast","Inverter8 Farm.","184.6","420.65","787.41","392.57","262.16","584.64","502.69","833.45","974.46","541.47","878.39","810.08","511.39","585.09","820.27","822.74","508.88","","","","","","","","","","","","","","",""
"A.J. Plast","A.J. Plast","Inverter9 Farm.","198.8","439.97","807.80","374.43","277.87","633.37","574.14","898.85","1,012.27","578.53","920.99","855.31","540.87","625.22","862.88","921.48","540.86","","","","","","","","","","","","","","",""
"ปลาร้าแแม่เหรียญ ( สาขา1 )","Mae Rien Fish Sauce","Inverter1","","687.00","858.00","775.60","559.80","133.7","609.9","596.6","428.1","566.10","509.10","442.60","174.5","570","692.90","705.4","629.6","","","","","","","","","","","","","","",""
"ปลาร้าแแม่เหรียญ ( สาขา1 )","Mae Rien Fish Sauce","Inverter2","","210.40","270.90","236.20","172.70","39.9","185.2","201.1","142.9","187.60","170.10","147.10","53.6","190.2","230.90","239.8","210.6","","","","","","","","","","","","","","",""
"Raweepat biotech 213.12 kWp","Raweepat biotech","Inverter2","","191.60","182.00","198.30","102.60","172.9","87.9","79.8","49.4","96.50","164.00","168.00","118.8","146.1","118.60","168","184.1","","","","","","","","","","","","","","",""
"Raweepat biotech 213.12 kWp","Raweepat biotech","Inverter1","","543.50","531.40","568.10","295.20","409.9","232.1","226","187","263.30","466.30","478.70","337.3","410.8","332.50","454.5","507.7","","","","","","","","","","","","","","",""
"Sunfood Farm 2_3,071.64 kWp","Sun Food","Inverter10","","753.40","752.90","742.80","690.70","555.50","714.60","624.40","791.30","371.60","652.00","671.60","510.00","683.20","667.60","743.10","692.70","","","","","","","","","","","","","","",""
"Sunfood Farm 2_3,071.64 kWp","Sun Food","Inverter11","","742.20","742.10","736.70","677.40","550.90","705.60","617.50","781.30","365.00","637.70","658.90","503.70","663.10","655.20","707.50","660.80","","","","","","","","","","","","","","",""
"Sunfood Farm 2_3,071.64 kWp","Sun Food","Inverter12","","746.20","746.90","740.20","681.20","552.70","712.80","624.90","786.80","371.70","650.50","676.10","511.60","689.40","673.10","748.50","698.90","","","","","","","","","","","","","","",""
"Sunfood Farm 2_3,071.64 kWp","Sun Food","Inverter13","","747.80","747.70","739.00","683.50","552.50","711.20","619.20","779.80","366.50","641.50","665.90","507.40","677.00","665.20","734.50","687.80","","","","","","","","","","","","","","",""
"Sunfood Farm 2_3,071.64 kWp","Sun Food","Inverter14","","716.50","708.30","708.20","641.20","537.70","680.60","592.80","745.90","350.20","613.30","641.50","498.20","652.10","652.50","706.30","663.20","","","","","","","","","","","","","","",""
"Sunfood Farm 2_3,071.64 kWp","Sun Food","Inverter15","","674.80","655.90","648.80","622.80","531.20","661.50","585.10","693.50","343.20","600.50","643.50","496.60","634.00","638.10","675.70","662.20","","","","","","","","","","","","","","",""
"Sunfood Farm 2_3,071.64 kWp","Sun Food","Inverter16","","658.40","644.30","656.70","582.50","511.60","632.80","547.20","683.40","325.20","568.10","604.50","482.50","608.40","627.00","653.50","626.10","","","","","","","","","","","","","","",""
"Sunfood Farm 2_3,071.64 kWp","Sun Food","Inverter17","","751.20","749.90","742.10","687.00","555.90","714.70","625.80","786.90","373.00","652.50","676.90","513.10","690.90","677.10","752.30","706.40","","","","","","","","","","","","","","",""
"Sunfood Farm 2_3,071.64 kWp","Sun Food","Inverter1","","751.10","750.50","741.10","690.30","556.80","718.00","634.20","792.30","376.50","659.20","685.00","518.20","702.50","685.70","773.50","725.50","","","","","","","","","","","","","","",""
"Sunfood Farm 2_3,071.64 kWp","Sun Food","Inverter2","","695.70","679.00","677.80","636.90","536.30","673.00","595.40","725.00","351.00","615.30","652.70","503.60","652.10","655.00","706.70","676.90","","","","","","","","","","","","","","",""
"Sunfood Farm 2_3,071.64 kWp","Sun Food","Inverter3","","677.30","661.70","655.60","620.20","530.40","659.70","579.50","708.10","340.40","595.90","634.10","493.80","625.10","634.20","669.50","647.00","","","","","","","","","","","","","","",""
"Sunfood Farm 2_3,071.64 kWp","Sun Food","Inverter4","","753.90","754.40","744.60","692.80","557.80","720.70","635.30","793.60","378.10","661.20","687.00","517.80","703.50","687.10","776.80","727.50","","","","","","","","","","","","","","",""
"Sunfood Farm 2_3,071.64 kWp","Sun Food","Inverter5","","752.20","751.50","740.80","689.60","556.80","716.60","632.10","789.00","376.10","658.10","684.20","516.90","701.10","683.20","772.00","723.10","","","","","","","","","","","","","","",""
"Sunfood Farm 2_3,071.64 kWp","Sun Food","Inverter6","","751.10","749.60","738.20","689.40","556.10","717.90","632.20","786.60","375.80","657.70","684.60","516.40","700.40","683.60","770.10","719.50","","","","","","","","","","","","","","",""
"Sunfood Farm 2_3,071.64 kWp","Sun Food","Inverter7","","710.30","701.20","703.10","635.20","533.70","674.60","584.20","741.80","346.00","604.10","632.80","495.60","642.90","648.20","696.00","654.40","","","","","","","","","","","","","","",""
"Sunfood Farm 2_3,071.64 kWp","Sun Food","Inverter8","","753.40","752.10","743.60","691.30","556.20","716.80","629.60","792.20","374.90","657.60","678.60","515.20","693.10","680.00","761.10","710.10","","","","","","","","","","","","","","",""
"Sunfood Farm 2_3,071.64 kWp","Sun Food","Inverter9","","749.70","748.90","740.40","684.00","553.70","707.40","624.10","785.60","368.90","649.90","670.80","510.00","683.10","670.70","747.80","695.60","","","","","","","","","","","","","","",""
"Alumet EXT-04 635.04 kWp.","Alumet Meter3","Inverter1","125","762.40","698.00","337.80","378.40","603.40","694.80","627.20","842.20","717.30","743.40","685.90","377.10","593.90","629.40","661.50","473.10","","","","","","","","","","","","","","",""
"Alumet EXT-04 635.04 kWp.","Alumet Meter3","Inverter3","125","674.10","694.20","330.30","348.80","548.80","589.10","678.60","768.40","684.50","693.80","688.10","375.30","603.70","588.20","655.00","487.10","","","","","","","","","","","","","","",""
"Alumet EXT-04 635.04 kWp.","Alumet Meter3","Inverter2","125","732.10","698.70","328.70","360.30","580.00","654.00","643.00","823.10","709.50","725.10","683.80","374.10","594.50","624.40","656.60","471.00","","","","","","","","","","","","","","",""
"Alumet EXT-04 635.04 kWp.","Alumet Meter3","Inverter4","125","684.70","700.60","335.90","355.80","554.70","603.30","671.10","769.00","692.90","701.00","681.70","376.90","606.30","594.20","656.10","487.50","","","","","","","","","","","","","","",""
"Sunfood Farm 1_3,163.16 kWp","Sun Food","Inverter10","150","633.20","615.60","600.50","590.40","520.40","632.10","568.40","664.00","326.10","578.20","621.20","490.40","602.70","614.30","643.60","633.60","","","","","","","","","","","","","","",""
"Sunfood Farm 1_3,163.16 kWp","Sun Food","Inverter11","150","746.50","745.20","736.20","687.70","554.30","715.30","633.10","792.70","374.70","658.60","682.60","515.90","697.20","681.40","765.00","714.60","","","","","","","","","","","","","","",""
"Sunfood Farm 1_3,163.16 kWp","Sun Food","Inverter12","150","748.50","750.00","739.20","691.00","557.00","717.10","636.30","796.60","377.00","663.40","685.00","518.00","699.90","680.50","763.00","709.60","","","","","","","","","","","","","","",""
"Sunfood Farm 1_3,163.16 kWp","Sun Food","Inverter13","150","749.30","749.60","741.80","690.00","556.80","717.60","636.00","796.90","376.50","662.60","682.70","516.60","695.30","679.00","756.90","703.80","","","","","","","","","","","","","","",""
"Sunfood Farm 1_3,163.16 kWp","Sun Food","Inverter14","150","750.80","750.10","742.30","692.10","557.50","718.70","636.90","797.50","377.60","664.20","686.30","518.20","701.30","682.50","769.10","714.00","","","","","","","","","","","","","","",""
"Sunfood Farm 1_3,163.16 kWp","Sun Food","Inverter15","150","748.40","745.60","736.40","686.60","556.20","713.80","632.00","790.60","374.50","657.20","681.90","515.80","697.20","681.80","768.30","716.30","","","","","","","","","","","","","","",""
"Sunfood Farm 1_3,163.16 kWp","Sun Food","Inverter16","150","747.50","745.90","739.10","684.90","555.40","714.20","631.80","790.40","375.10","658.20","681.90","516.00","697.90","682.20","768.60","717.70","","","","","","","","","","","","","","",""
"Sunfood Farm 1_3,163.16 kWp","Sun Food","Inverter17","150","751.30","750.60","741.10","690.70","557.40","718.30","634.80","792.90","377.40","661.70","686.40","517.50","703.40","686.40","777.20","727.50","","","","","","","","","","","","","","",""
"Sunfood Farm 1_3,163.16 kWp","Sun Food","Inverter18","50","185.50","183.40","188.50","163.70","143.00","180.90","157.70","199.70","91.50","161.60","173.00","124.70","174.00","183.90","186.50","174.60","","","","","","","","","","","","","","",""
"Sunfood Farm 1_3,163.16 kWp","Sun Food","Inverter19","50","239.30","236.10","235.00","217.90","180.20","226.10","200.60","252.00","118.60","207.90","217.10","167.00","219.80","220.70","241.00","224.10","","","","","","","","","","","","","","",""
"Sunfood Farm 1_3,163.16 kWp","Sun Food","Inverter01","150","665.30","654.00","638.10","616.90","529.20","649.60","584.60","697.30","338.90","596.70","637.80","496.50","628.00","639.10","675.40","654.90","","","","","","","","","","","","","","",""
"Sunfood Farm 1_3,163.16 kWp","Sun Food","Inverter02","150","743.00","737.90","725.80","683.90","554.20","705.30","626.40","784.10","369.30","646.60","668.20","510.20","677.00","668.00","730.30","673.10","","","","","","","","","","","","","","",""
"Sunfood Farm 1_3,163.16 kWp","Sun Food","Inverter03","150","741.10","736.20","723.40","681.90","554.00","704.80","625.30","781.30","368.60","645.00","669.00","510.40","679.40","670.00","741.10","684.70","","","","","","","","","","","","","","",""
"Sunfood Farm 1_3,163.16 kWp","Sun Food","Inverter04","150","743.80","739.00","726.50","687.10","555.80","708.20","631.00","785.30","372.70","653.50","677.20","513.60","688.30","674.70","746.20","689.30","","","","","","","","","","","","","","",""
"Sunfood Farm 1_3,163.16 kWp","Sun Food","","","742.30","737.90","727.20","685.50","555.20","706.20","629.70","782.90","372.80","652.40","678.30","514.10","689.20","676.10","751.30","695.20","","","","","","","","","","","","","","",""
"Sunfood Farm 1_3,163.16 kWp","Sun Food","","","748.70","746.50","735.00","689.70","556.90","713.90","634.70","792.60","375.80","660.00","682.60","516.70","697.70","681.10","766.50","713.70","","","","","","","","","","","","","","",""
"Sunfood Farm 1_3,163.16 kWp","Sun Food","","","743.60","740.80","731.70","686.20","554.90","711.40","631.90","790.50","373.10","653.40","669.90","509.00","670.80","658.70","711.00","656.80","","","","","","","","","","","","","","",""
"Sunfood Farm 1_3,163.16 kWp","Sun Food","","","718.20","695.30","687.90","656.40","537.90","678.00","601.40","738.30","353.10","606.10","647.40","490.50","637.50","644.20","677.50","630.00","","","","","","","","","","","","","","",""
"Sunfood Farm 1_3,163.16 kWp","Sun Food","","","735.50","728.80","723.00","670.90","547.10","696.30","609.90","771.60","356.50","623.10","641.40","498.20","644.80","648.40","692.20","646.60","","","","","","","","","","","","","","",""
"Sunfood Rooftop 1,487.20 kWp","Sun Food","","","762.50","771.30","745.30","709.50","566.20","731.90","641.30","790.50","413.90","678.40","689.00","523.20","704.20","694.70","784.80","742.70","","","","","","","","","","","","","","",""
"Sunfood Rooftop 1,487.20 kWp","Sun Food","","","764.20","1,134.50","746.10","711.10","567.50","735.10","643.00","791.20","414.90","680.30","691.00","522.20","705.50","696.00","787.60","744.10","","","","","","","","","","","","","","",""
"Sunfood Rooftop 1,487.20 kWp","Sun Food","","","764.10","772.30","747.50","710.60","567.20","733.60","642.20","792.50","414.00","679.20","690.10","523.70","705.40","694.10","787.30","743.80","","","","","","","","","","","","","","",""
"Sunfood Rooftop 1,487.20 kWp","Sun Food","","","764.00","770.20","746.20","709.30","566.40","732.00","642.20","791.70","414.20","679.40","691.30","522.60","704.60","695.10","787.90","743.30","","","","","","","","","","","","","","",""
"Sunfood Rooftop 1,487.20 kWp","Sun Food","","","768.80","775.80","749.40","717.60","569.50","740.30","647.50","794.80","419.40","683.80","693.80","523.90","706.80","698.60","792.50","749.60","","","","","","","","","","","","","","",""
"Sunfood Rooftop 1,487.20 kWp","Sun Food","","","765.10","769.90","740.10","715.10","568.10","734.30","642.50","787.30","417.80","678.30","690.40","517.10","700.40","695.40","787.10","745.10","","","","","","","","","","","","","","",""
"Sunfood Rooftop 1,487.20 kWp","Sun Food","","","763.20","768.40","739.10","712.40","567.30","733.50","639.00","786.00","416.60","676.20","689.00","523.20","698.90","693.50","784.50","743.30","","","","","","","","","","","","","","",""
"Sunfood Rooftop 1,487.20 kWp","Sun Food","","","761.60","767.90","737.70","711.80","566.70","734.40","637.50","785.70","416.60","675.00","686.60","521.40","697.50","692.50","782.40","742.80","","","","","","","","","","","","","","",""
"Alumet ANO PDC 771.12 kWp.","Alumet Meter2","Inverter1","125","646.20","669.60","311.20","327.40","571.30","586.50","628.70","767.00","664.80","663.00","645.70","537.00","617.70","748.00","707.10","549.70","","","","","","","","","","","","","","",""
"Alumet ANO PDC 771.12 kWp.","Alumet Meter2","Inverter2","125","768.40","713.60","340.50","376.40","665.20","692.40","628.70","824.50","712.60","747.20","678.50","571.50","631.10","806.40","744.00","521.90","","","","","","","","","","","","","","",""
"Alumet ANO PDC 771.12 kWp.","Alumet Meter2","Inverter3","125","722.80","700.40","337.60","362.30","634.20","647.10","638.80","827.90","709.50","721.10","681.00","570.50","638.70","797.70","744.10","565.70","","","","","","","","","","","","","","",""
"Alumet ANO PDC 771.12 kWp.","Alumet Meter2","Inverter4","125","692.10","699.20","333.90","354.70","613.40","611.10","645.10","714.50","687.50","676.40","657.90","573.10","631.50","739.90","710.80","574.40","","","","","","","","","","","","","","",""
"Alumet ANO PDC 771.12 kWp.","Alumet Meter2","Inverter5","125","677.20","711.50","339.40","350.80","598.50","553.80","560.20","651.30","675.40","638.50","643.50","568.20","621.00","695.50","680.10","579.00","","","","","","","","","","","","","","",""
"Alumet EXT-01 EXT-02 595.98 kWp.","Alumet Meter1","Inverter 1","125","722.90","720.80","342.10","371.90","584.40","662.00","633.40","850.50","730.30","741.00","682.40","554.70","648.10","820.90","764.70","541.60","","","","","","","","","","","","","","",""
"Alumet EXT-01 EXT-02 595.98 kWp.","Alumet Meter1","Inverter 2","125","684.50","681.60","321.30","349.20","556.30","627.30","602.40","812.90","688.60","703.80","644.50","525.90","608.60","782.70","723.90","517.10","","","","","","","","","","","","","","",""
"Alumet EXT-01 EXT-02 595.98 kWp.","Alumet Meter1","Inverter 3","125","646.00","660.10","313.10","334.60","531.40","590.20","599.30","767.20","667.00","677.60","638.70","519.50","612.00","739.80","705.70","521.60","","","","","","","","","","","","","","",""
"Alumet EXT-01 EXT-02 595.98 kWp.","Alumet Meter1","Inverter 4","125","657.50","720.60","337.30","349.10","540.20","588.70","653.40","788.60","712.80","705.50","677.40","543.80","656.80","769.60","745.20","546.00","","","","","","","","","","","","","","",""
"[BYD]PI-R MOTOR KHON KAEN SOLAR ROOFTOP","BYD","Inverter1","50","178.30","188.00","149.20","150.40","125.70","174.60","149.10","132.20","204.30","164.70","190.70","162.10","219.60","216.90","236.50","223.90","","","","","","","","","","","","","","",""
"Buatip Farm 772.20 kwp","Buatip","Inverter1","125","446.50","566.30","360.00","361.00","114.60","390.20","343.00","295.80","509.70","457.00","316.70","128.10","594.00","498.20","609.40","602.70","","","","","","","","","","","","","","",""
"Buatip Farm 772.20 kwp","Buatip","Inverter2","125","475.10","594.10","381.70","378.60","115.80","395.80","353.30","308.50","540.20","486.70","329.00","130.70","649.00","532.60","651.30","647.50","","","","","","","","","","","","","","",""
"Buatip Farm 772.20 kwp","Buatip","Inverter3","125","470.70","598.30","379.40","360.30","115.90","398.40","350.70","302.10","533.00","478.80","335.90","131.30","642.90","537.70","649.70","638.10","","","","","","","","","","","","","","",""
"Buatip Farm 772.20 kwp","Buatip","Inverter4","125","471.20","593.20","373.50","376.30","115.70","398.10","354.80","307.10","542.20","487.40","330.20","129.80","650.00","534.90","651.30","647.30","","","","","","","","","","","","","","",""
"Buatip Farm 772.20 kwp","Buatip","","","463.20","588.20","363.90","361.50","115.30","382.60","348.30","298.60","531.40","473.00","327.10","130.00","643.60","526.30","642.10","638.00","","","","","","","","","","","","","","",""
"Mazda Pijitphet Khonkaen","Mazda Pijitphet Khonkaen","Inverter6","125","454.10","323.20","454.10","453.30","48.60","454.60","445.40","366.90","631.50","481.80","441.60","459.10","588.20","503.40","691.40","729.00","","","","","","","","","","","","","","",""
"Roland digital","Roland Digital Group","Inverter1","125","842.70","887.60","658.40","524.10","107.50","647.60","763.30","899.40","620.10","745.80","639.80","107.90","611.10","809.30","714.30","688.30","","","","","","","","","","","","","","",""
"Roland digital","Roland Digital Group","Inverter1","125","843.70","885.80","648.00","522.10","108.10","642.20","755.00","905.00","617.00","750.90","636.50","107.40","606.00","802.80","711.00","685.30","","","","","","","","","","","","","","",""
"Roland digital","Roland Digital Group","Inverter2","125","840.80","889.80","653.10","522.20","106.80","644.10","757.40","904.80","618.30","750.50","638.60","107.80","608.30","800.40","711.60","686.10","","","","","","","","","","","","","","",""
"สหกรณ์ บ่อทอง","BO-thongrubber","Inverter6","125","0.00","0.00","0.00","0.00","0.00","0.00","0.00","68.20","227.50","193.20","153.20","0.00","0.00","0.00","0.00","149.00","","","","","","","","","","","","","","",""
"สหกรณ์ บ่อทอง","BO-thongrubber","Inverter5","125","0.00","0.00","0.00","0.00","0.00","0.00","0.00","63.40","227.20","195.30","152.80","0.00","170.90","133.80","251.50","151.20","","","","","","","","","","","","","","",""
"สหกรณ์ บ่อทอง","BO-thongrubber","Inverter7","125","0.00","0.00","0.00","0.00","0.00","0.00","0.00","58.10","218.50","189.40","148.70","0.00","169.10","129.70","247.20","148.50","","","","","","","","","","","","","","",""
"สหกรณ์ บ่อทอง","BO-thongrubber","Inverter6","125","0.00","0.00","0.00","0.00","0.00","0.00","0.00","75.80","244.10","206.30","159.80","129.50","173.40","143.80","259.10","152.70","","","","","","","","","","","","","","",""
"สหกรณ์ บ่อทอง","BO-thongrubber","Inverter2","125","0.00","0.00","0.00","0.00","0.00","0.00","0.00","89.40","252.60","210.20","162.60","131.10","173.30","149.50","260.90","153.70","","","","","","","","","","","","","","",""
"สหกรณ์ บ่อทอง","BO-thongrubber","Inverter1","125","0.00","0.00","0.00","0.00","0.00","0.00","0.00","89.60","253.50","211.30","163.00","126.90","173.10","149.70","262.60","154.60","","","","","","","","","","","","","","",""
"สหกรณ์ บ่อทอง","BO-thongrubber","Inverter4","125","0.00","0.00","0.00","0.00","0.00","0.00","0.00","89.90","253.90","211.00","163.60","129.00","174.60","150.70","262.10","154.40","","","","","","","","","","","","","","",""
"robinson lopburi","Robison Lopburi","Inverter3","125","519.20","501.20","619.40","574.10","510.70","614.30","490.90","529.50","447.10","441.20","446.10","483.10","442.40","507.60","559.70","558.40","","","","","","","","","","","","","","",""
"robinson lopburi","Robison Lopburi","Inverter2","125","526.70","499.70","645.70","583.80","513.50","664.40","515.70","579.10","472.60","436.80","465.40","492.90","482.90","560.00","597.20","576.60","","","","","","","","","","","","","","",""
"robinson lopburi","Robison Lopburi","Inverter6.","50","188.20","180.10","230.60","206.70","182.00","235.40","188.90","208.00","168.90","158.30","164.90","177.10","174.40","200.90","216.20","206.60","","","","","","","","","","","","","","",""
"robinson lopburi","Robison Lopburi","Inverter8.","125","537.50","521.80","619.60","591.10","520.90","615.20","496.60","523.40","428.20","453.60","451.30","489.60","429.40","478.80","558.70","537.40","","","","","","","","","","","","","","",""
"robinson lopburi","Robison Lopburi","Inverter1.","125","350.50","497.80","515.20","515.50","465.60","490.90","419.00","404.30","348.70","405.20","372.10","386.70","318.30","372.20","393.90","403.10","","","","","","","","","","","","","","",""
"robinson lopburi","Robison Lopburi","Inverter4.","125","532.10","511.00","623.80","584.60","518.90","620.30","504.50","531.30","454.60","454.20","449.30","498.00","444.30","505.50","571.70","559.80","","","","","","","","","","","","","","",""
"robinson lopburi","Robison Lopburi","Inverter5.","125","390.90","375.40","477.80","429.80","381.60","484.60","378.70","418.40","349.60","329.70","342.20","366.30","349.40","397.60","443.30","425.20","","","","","","","","","","","","","","",""
"robinson lopburi","Robison Lopburi","Inverter7.","125","533.90","513.70","633.50","583.10","518.70","629.50","503.40","540.90","445.00","453.10","458.20","494.90","453.00","507.60","569.10","556.60","","","","","","","","","","","","","","",""
"Robinson Srisaman Rev.2","Robison Srisaman","InverterTest","125","507.20","488.30","441.60","313.40","432.80","397.10","518.60","535.80","519.10","500.40","499.10","472.80","491.20","477.60","444.10","416.30","","","","","","","","","","","","","","",""
"Robinson Srisaman Rev.2","Robison Srisaman","Inverter7.","125","643.00","625.10","551.60","362.10","531.30","511.20","608.10","545.60","564.30","565.40","547.70","514.10","555.90","527.60","492.10","439.10","","","","","","","","","","","","","","",""
"Robinson Srisaman Rev.2","Robison Srisaman","Inverter1.","125","589.70","573.10","501.90","339.80","504.60","479.90","578.50","571.50","560.70","543.60","541.70","512.10","537.70","521.80","479.10","450.00","","","","","","","","","","","","","","",""
"Robinson Srisaman Rev.2","Robison Srisaman","Inverter6.","125","614.90","605.20","529.10","353.40","524.40","499.20","590.60","573.60","567.60","545.20","542.70","508.40","539.30","518.20","487.20","439.60","","","","","","","","","","","","","","",""
"Robinson Srisaman Rev.2","Robison Srisaman","Inverter5.","50","203.00","204.20","174.40","117.20","173.30","170.20","207.40","210.90","197.00","192.30","196.60","180.90","190.90","187.40","168.50","163.70","","","","","","","","","","","","","","",""
"Robinson Srisaman Rev.2","Robison Srisaman","Inverter8.","125","631.60","610.70","542.30","357.30","524.30","496.30","596.70","561.90","550.00","550.20","537.30","513.30","545.50","508.60","483.20","428.10","","","","","","","","","","","","","","",""
"Robinson Srisaman Rev.2","Robison Srisaman","Inverter2.","125","635.20","622.50","544.40","358.40","532.70","513.20","612.60","582.60","523.00","564.00","547.50","515.40","563.00","538.50","493.90","449.20","","","","","","","","","","","","","","",""
"Robinson Srisaman Rev.2","Robison Srisaman","Inverter3.","125","619.40","612.00","529.20","354.10","525.80","505.70","599.30","577.00","566.90","546.30","544.70","511.40","548.50","525.30","485.30","441.40","","","","","","","","","","","","","","",""
"KKF MYANMAR Building B","","Inverter4.","125","258.30","437.40","437.70","378.30","307.40","611.00","487.00","164.80","426.10","449.10","266.50","165.30","195.20","515.80","243.90","284.90","","","","","","","","","","","","","","",""
"KKF MYANMAR Building B","","Inverter3","125","264.30","421.70","434.10","361.80","300.40","594.80","481.60","162.60","420.50","445.90","257.10","164.80","191.10","521.30","235.30","285.40","","","","","","","","","","","","","","",""
"KKF MYANMAR Building B","","Inverter1","125","83.70","145.30","147.30","127.90","111.60","205.30","165.30","51.80","146.60","149.40","85.80","51.60","61.90","174.90","77.40","90.40","","","","","","","","","","","","","","",""
"KKF MYANMAR Building B","","Inverter5","125","260.50","445.10","438.60","387.40","310.00","618.00","487.00","167.50","428.00","450.50","271.40","167.20","198.00","515.40","247.00","286.40","","","","","","","","","","","","","","",""
"KKF MYANMAR Building B","","Inverter4","125","268.90","426.00","438.50","362.90","301.40","601.00","484.60","162.60","420.40","446.40","256.10","165.10","191.50","522.00","236.10","287.70","","","","","","","","","","","","","","",""
"KKF MYANMAR Building B","","Inverter2","125","193.20","141.00","221.40","92.30","258.90","0.30","0.00","0.00","230.40","17.10","0.00","138.90","116.20","0.00","370.40","0.00","","","","","","","","","","","","","","",""
"KKF MYANMAR Building B","","Inverter6","125","206.80","168.00","277.30","99.50","271.20","0.40","0.00","0.00","334.00","17.70","0.00","146.20","122.10","0.00","419.60","0.00","","","","","","","","","","","","","","",""
"KKF MYANMAR Building B","","Inverter7","125","217.90","175.70","291.60","105.20","278.90","0.30","0.00","0.00","352.20","18.90","0.00","154.00","127.40","0.00","436.80","0.00","","","","","","","","","","","","","","",""
"KKF MYANMAR Building B","","Inverter8","50","57.30","30.90","80.70","26.10","92.20","0.10","0.00","0.00","91.70","4.50","0.00","37.40","31.20","0.00","128.70","0.00","","","","","","","","","","","","","","",""
"Sentosa Khonkaen(Sila)","Sentosa Khonkaen(Sila)","Inverter9","125","317.20","267.30","307.80","341.70","315.00","344.80","322.20","297.30","395.60","358.00","317.60","381.40","386.50","353.40","430.60","443.30","","","","","","","","","","","","","","",""
"TPS Garden Furniture 106.40 kWp.","TPS Ph.2","Inverter1","50","217.90","155.10","200.00","147.60","20.90","140.40","136.00","219.50","209.80","178.40","161.10","99.40","151.50","107.10","161.10","168.60","","","","","","","","","","","","","","",""
"TPS Garden Furniture 106.40 kWp.","TPS Ph.2","Inverter2","50","238.60","168.60","210.70","156.70","21.20","145.50","139.90","234.80","223.20","190.00","165.50","101.10","156.30","111.00","168.20","174.80","","","","","","","","","","","","","","",""
"TOYOTA KAENNAKORN","Toyota Kaennakorn","Inverter1","125","394.70","429.60","377.90","391.30","357.30","447.40","379.60","359.30","526.50","445.20","429.80","461.50","585.90","524.80","611.70","615.50","","","","","","","","","","","","","","",""
"TOYOTA KAENNAKORN","Toyota Kaennakorn","Inverter1","50","144.90","155.40","136.60","144.60","131.80","163.50","144.00","133.80","196.60","164.00","157.50","175.40","213.80","194.50","225.90","228.70","","","","","","","","","","","","","","",""
"TPS Garden Furniture 199.50 kWp.","TPS Ph.1","Inverter2","20","112.30","118.90","124.60","85.30","13.90","112.30","108.10","123.50","105.90","101.80","111.30","14.90","90.90","84.20","121.40","117.80","","","","","","","","","","","","","","",""
"TPS Garden Furniture 199.50 kWp.","TPS Ph.1","Inverter3","125","578.80","623.10","652.5","435.1","86.60","581.40","551.50","632.80","554.10","530.20","585.3","91.50","470.10","442.50","636.1","615.30","","","","","","","","","","","","","","",""
"TPS Garden Furniture 199.50 kWp.","TPS Ph.1","Inverter1.","50","177.40","186.90","197.60","130.00","34.3","173.80","173.80","192.70","171.50","162.90","180.9","35.7","146.3","135.20","195.40","188.30","","","","","","","","","","","","","","",""
"545 PARAWOOD","545 PARAWOOD","Inverter2.","125","321.00","317.10","359.20","259.00","121.9","171.60","202.00","213.30","213.00","206.40","107","236.7","304.6","286.90","366.40","260.30","","","","","","","","","","","","","","",""
"545 PARAWOOD","545 PARAWOOD","Inverter1","50","0.00","0.00","0.00","0.00","0","0.00","0.00","0.00","0.00","0.00","0","0","0","0.00","0.00","0.00","","","","","","","","","","","","","","",""
"Robinson Srisamarn Solar Rooftop","","Inverter2","125","0.00","0.00","0.00","0.00","0.00","0.00","0.00","0.00","0.00","0.00","0.00","0","0","0.00","0.00","0.00","","","","","","","","","","","","","","",""
"Robinson Srisamarn Solar Rooftop","","Inverter1","50","0.00","0.00","0.00","0.00","0.00","0.00","0.00","0.00","0.00","0.00","0.00","0","0","0.00","0.00","0.00","","","","","","","","","","","","","","",""
"Robinson Srisamarn Solar Rooftop","","Inverter2","125","0.00","0.00","0.00","0.00","0.00","0.00","0.00","0.00","0.00","0.00","0.00","0","0","0.00","0.00","0.00","","","","","","","","","","","","","","",""
"Robinson Srisamarn Solar Rooftop","","Inverter3","125","0.00","0.00","0.00","0.00","0.00","0.00","0.00","0.00","0.00","0.00","0.00","0","0","0.00","0.00","0.00","","","","","","","","","","","","","","",""
"Robinson Srisamarn Solar Rooftop","","Inverter4","125","0.00","0.00","0.00","0.00","0.00","0.00","0.00","0.00","0.00","0.00","0.00","0","0","0.00","0.00","0.00","","","","","","","","","","","","","","",""
"Robinson Srisamarn Solar Rooftop","","Inverter5","125","0.00","0.00","0.00","0","0.00","0.00","0.00","0.00","0.00","0.00","0.00","0","0","0.00","0.00","0.00","","","","","","","","","","","","","","",""
"Robinson Srisamarn Solar Rooftop","","Inverter6","125","0.00","0.00","0.00","0.00","0.00","0.00","0.00","0.00","0.00","0.00","0.00","0.00","0.00","0.00","0.00","0.00","","","","","","","","","","","","","","",""
"Robinson Srisamarn Solar Rooftop","","Inverter7","125","0.00","0.00","0.00","0.00","0.00","0.00","0.00","0.00","0.00","0.00","0.00","0.00","0.00","0.00","0.00","0.00","","","","","","","","","","","","","","",""
"KKF2 Myanmar Building C","","Inverter8","125","175.90","241.80","249.30","261.10","7.10","305.00","347.90","136.20","277.80","270.50","213.80","0.00","45.40","315.70","120.10","0.30","","","","","","","","","","","","","","",""
"KKF2 Myanmar Building C","","Inverter1","125","198.40","299.70","323.30","284.50","7.90","318.20","399.40","149.90","403.60","282.50","238.10","0.00","49.80","377.70","126.80","0.20","","","","","","","","","","","","","","",""
"KKF2 Myanmar Building C","","Inverter3","125","188.60","285.40","312.30","274.10","7.40","318.10","398.10","142.70","383.40","276.20","223.60","0.00","47.10","362.90","123.20","0.00","","","","","","","","","","","","","","",""
"KKF2 Myanmar Building C","","Inverter2","50","52.80","63.70","99.30","86.80","1.90","112.20","122.00","37.10","104.60","91.30","61.70","0.00","12.10","113.80","38.50","0.50","","","","","","","","","","","","","","",""
"PHATTANAKIT WOODCHIP CO.,LTD.","PHATTANAKIT WOOD","Inverter4","125","0.00","0.00","0.00","0.00","0.00","0.00","0.00","0.00","0.00","0.00","0.00","0.00","0.00","0.00","0.00","0.00","","","","","","","","","","","","","","",""
"PHATTANAKIT WOODCHIP CO.,LTD.","PHATTANAKIT WOOD","Inverter_2","125","0.00","0.00","0.00","0.00","0.00","0.00","0.00","0.00","0.00","0.00","0.00","0.00","0.00","0.00","0.00","0.00","","","","","","","","","","","","","","",""
"Toyota Amata","Toyota Amata","Inverter2","50","134.10","157.40","138.50","143.00","126.60","157.00","151.80","126.70","197.90","160.70","152.90","167.80","207.20","174.20","224.40","228.80","","","","","","","","","","","","","","",""
"Toyota Amata","Toyota Amata","Inverter2","125","312.10","325.40","305.20","326.70","303.80","359.50","315.20","322.40","389.60","377.50","339.40","340.20","364.10","317.10","423.10","357.00","","","","","","","","","","","","","","",""
"Thairompothong888","","Inverter1","125","0.00","0.00","0.00","0.00","0.00","0.00","0.00","0.00","0.00","0.00","0.00","0.00","0.00","0.00","0.00","0.00","","","","","","","","","","","","","","",""
"Thairompothong888","","Inverter2","125","0.00","0.00","0.00","0.00","0.00","0.00","0.00","0.00","0.00","0.00","0.00","0.00","0.00","0.00","0.00","0.00","","","","","","","","","","","","","","",""
"Thairompothong888","","Inverter3","","0.00","0.00","0.00","0.00","0.00","0.00","0.00","0.00","0.00","0.00","0.00","0.00","0.00","0.00","0.00","0.00","","","","","","","","","","","","","","",""
"","Hidaka Ph.1 (353)","Inverter 1","100","464.17","467.47","418.47","279.24","27.38","205.88","394.32","536.62","408.47","394.54","345.25","5.44","392.04","297.31","447.17","351.12","","","","","","","","","","","","","","",""
"","Hidaka Ph.1 (353)","Inverter 2","100","486.75","480.09","413.26","294.72","71.96","361.43","442.53","498.23","424.46","424.22","369.11","84.76","427.50","409.51","425.17","378.33","","","","","","","","","","","","","","",""
"","Hidaka Ph.1 (353)","Inverter 3","100","490.66","473.29","425.50","301.78","179.54","399.78","448.65","556.09","432.47","428.70","366.33","78.07","434.86","425.94","465.50","365.50","","","","","","","","","","","","","","",""
"","Hidaka Ph.2 (399)","Inverter 1","100","282.41","429.22","381.45","263.99","391.98","426.12","352.38","470.77","366.33","372.70","312.21","0.00","0.21","373.29","386.68","238.95","","","","","","","","","","","","","","",""
"","Hidaka Ph.2 (399)","Inverter 2","33.3","90.51","138.55","121.62","80.09","124.36","135.80","117.69","163.07","124.31","118.36","101.67","1.00","45.90","121.81","122.83","79.57","","","","","","","","","","","","","","",""
"","Hidaka Ph.2 (399)","Inverter 3","33.3","86.50","132.95","113.22","75.40","117.02","128.02","112.14","145.82","115.37","112.70","95.18","0.00","16.56","116.23","120.30","87.76","","","","","","","","","","","","","","",""
"","HIDAKA SUZUTOKU","Inverter 1","100","185.88","103.47","193.93","180.11","0.00","427.39","468.38","588.22","370.52","577.61","446.22","329.97","450.87","521.16","527.66","459.13","","","","","","","","","","","","","","",""
"","HIDAKA SUZUTOKU","Inverter 2","33.3","66.80","90.03","59.29","62.23","0.00","149.57","146.36","179.33","116.36","156.82","144.21","119.35","137.78","149.76","160.66","143.87","","","","","","","","","","","","","","",""
"","HIDAKA SUZUTOKU","Inverter 3","100","284.03","375.81","209.01","182.21","0.00","464.01","488.82","596.61","374.51","584.38","469.91","370.91","461.26","534.68","534.69","460.46","","","","","","","","","","","","","","",""
"","SCI","Inverter 1","100","498.09","521.73","426.36","317.62","276.42","461.47","437.07","503.79","334.62","453.08","306.97","247.60","360.26","487.84","425.84","394.32","","","","","","","","","","","","","","",""
"","Meshtec","Inverter 1","","542.81","564.13","462.93","491.67","321.79","365.12","353.81","264.96","298.04","162.57","554.70","424.26","532.54","542.98","438.92","432.79","","","","","","","","","","","","","","",""
"","Meshtec","Inverter 2","","535.81","551.72","460.46","485.30","321.21","361.50","350.71","262.98","295.78","162.52","549.86","422.87","527.04","534.65","433.34","427.58","","","","","","","","","","","","","","",""
"","Meshtec","Inverter 3","","534.65","533.00","447.61","476.72","315.45","360.78","347.94","261.78","296.83","165.93","517.09","408.60","520.53","520.65","410.08","421.27","","","","","","","","","","","","","","",""
"","Meshtec","Inverter 4","","533.98","526.30","449.13","475.33","315.84","360.47","348.33","262.14","296.81","166.10","518.52","409.67","521.33","519.15","411.09","420.96","","","","","","","","","","","","","","",""
"","","","","262054.28","302575.12","223109.91","188040.38","195298.78","244806.02","256559.14","287399.85","249688.68","272557.34","242005.8","184130.28","259392.25","283646.72","295756.36","273406.75","0","0","0","0","0","0","0","0","0","0","0","0","0","0","0"
"","","","","197634.93","236259.96","164085.37","134564.27","149521.23","183119.48","198652.11","221842.44","205212.6","222770.81","193949.37","149099.78","210595.57","231336.86","240443.53","224939.04","0","0","0","0","0","0","0","0","0","0","0","0","0","0","0"
"","","","","64419.35","66315.16","59024.54","53476.11","45777.55","61686.54","57907.03","65557.41","44476.08","49786.53","48056.43","35030.50","48796.68","52309.86","55312.83","48467.71","0.00","0.00","0.00","0.00","0.00","0.00","0.00","0.00","0.00","0.00","0.00","0.00","0.00","0.00","0.00"
"","","","","1","2","3","4","5","6","7","8","9","10","11","12","13","14","15","16","17","18","19","20","21","22","23","24","25","26","27","28","29","30","31"
"Statistical Period","Global Irradiation (kWh/㎡)","Average Temperature(°C)","","","48467.71","","","","","","","","","","","","","","","","","","","","","","","","","","","","",""
"0:00:00","","","0","0.0","0.00%","0.0","","","","","","","","","","","","","","","","","","","","","","","","","","","",""
"1:00:00","","","0","0.0","0.00%","0.0","","","","","","","","","","","","","","","","","","","","","","","","","","","",""
"2:00:00","","","0","0.0","0.00%","0.0","","","","","","","","","","","","","","","","","","","","","","","","","","","",""
"3:00:00","","","0","0.0","0.00%","0.0","","","","","","","","","","","","","","","","","","","","","","","","","","","",""
"4:00:00","","","0","0.0","0.00%","0.0","","","","","","","","","","","","","","","","","","","","","","","","","","","",""
"5:00:00","","","12.41","24.8","0.03%","12.4","","","","","","","","","","","","","","","","","","","","","","","","","","","",""
"6:00:00","","","1,488.47","2,976.94","3.07%","1488.5","","","","","","","","","","","","","","","","","","","","","","","","","","","",""
"7:00:00","","","6,032.46","12,064.92","12.45%","6032.5","","","","","","","","","","","","","","","","","","","","","","","","","","","",""
"8:00:00","","","14,349.44","28,698.88","29.61%","14349.4","","","","","","","","","","","","","","","","","","","","","","","","","","","",""
"9:00:00","","","23,633.44","47,266.88","48.76%","23633.4","","","","","","","","","","","","","","","","","","","","","","","","","","","",""
"10:00:00","","","31,866.36","63,732.72","65.75%","31866.4","","","","","","","","","","","","","","","","","","","","","","","","","","","",""
"11:00:00","","","32,535.54","65,071.08","67.13%","32535.5","","","","","","","","","","","","","","","","","","","","","","","","","","","",""
"12:00:00","","","30,085.50","60,171.00","62.07%","30085.5","","","","","","","","","","","","","","","","","","","","","","","","","","","",""
"13:00:00","","","28,570.79","57,141.58","58.95%","28570.8","","","","","","","","","","","","","","","","","","","","","","","","","","","",""
"14:00:00","","","25,422.88","50,845.76","52.45%","25422.9","","","","","","","","","","","","","","","","","","","","","","","","","","","",""
"15:00:00","","","18,180.72","36,361.44","37.51%","18180.7","","","","","","","","","","","","","","","","","","","","","","","","","","","",""
"16:00:00","","","10,572.50","21,145.00","21.81%","10572.5","","","","","","","","","","","","","","","","","","","","","","","","","","","",""
"17:00:00","","","4,022.65","8,045.30","8.30%","4022.7","","","","","","","","","","","","","","","","","","","","","","","","","","","",""
"18:00:00","","","581.74","1,163.48","1.20%","581.7","","","","","","","","","","","","","","","","","","","","","","","","","","","",""
"19:00:00","","","0.05","0.1","0.00%","0.1","","","","","","","","","","","","","","","","","","","","","","","","","","","",""
"20:00:00","","","0","0.0","0.00%","0.0","","","","","","","","","","","","","","","","","","","","","","","","","","","",""
"21:00:00","","","0","0.0","0.00%","0.0","","","","","","","","","","","","","","","","","","","","","","","","","","","",""
"22:00:00","","","0","0.0","0.00%","0.0","","","","","","","","","","","","","","","","","","","","","","","","","","","",""
"23:00:00","","","0","0.0","0.00%","0.0","","","","","","","","","","","","","","","","","","","","","","","","","","","",""
"","isolarcloud / solaredge","fusionsolar","","","","","","","","","","","","","","","","","","","","","","","","","","","","","","","",""
"1","64419.35","197634.93","262054.28","","","","","","","","","","","","","","","","","","","","","","","","","","","","","","",""
"2","66315.16","236259.96","302575.12","","","","","","","","","","","","","","","","","","","","","","","","","","","","","","",""
"3","59024.54","164085.37","223109.91","","","","","","","","","","","","","","","","","","","","","","","","","","","","","","",""
"4","53476.11","134564.27","188040.38","","","","","","","","","","","","","","","","","","","","","","","","","","","","","","",""
"5","45777.55","149521.23","195298.78","","","","","","","","","","","","","","","","","","","","","","","","","","","","","","",""
"6","61686.54","183119.48","244806.02","","","","","","","","","","","","","","","","","","","","","","","","","","","","","","",""
"7","57907.03","198652.11","256559.14","","","","","","","","","","","","","","","","","","","","","","","","","","","","","","",""
"8","65557.41","221842.44","287399.85","","","","","","","","","","","","","","","","","","","","","","","","","","","","","","",""
"9","44476.08","205212.6","249688.68","","","","","","","","","","","","","","","","","","","","","","","","","","","","","","",""
"10","49786.53","222770.81","272557.34","","","","","","","","","","","","","","","","","","","","","","","","","","","","","","",""
"11","48056.43","193949.37","242005.80","","","","","","","","","","","","","","","","","","","","","","","","","","","","","","",""
"12","35030.50","149099.78","184130.28","","","","","","","","","","","","","","","","","","","","","","","","","","","","","","",""
"13","48796.68","210595.57","259392.25","","","","","","","","","","","","","","","","","","","","","","","","","","","","","","",""
"14","52309.86","231336.86","283646.72","","","","","","","","","","","","","","","","","","","","","","","","","","","","","","",""
"15","55312.83","240443.53","295756.36","","","","","","","","","","","","","","","","","","","","","","","","","","","","","","",""
"16","48467.71","224939.04","273406.75","","","","","","","","","","","","","","","","","","","","","","","","","","","","","","",""
"17","0.00","0","0.00","","","","","","","","","","","","","","","","","","","","","","","","","","","","","","",""
"18","0.00","0","0.00","","","","","","","","","","","","","","","","","","","","","","","","","","","","","","",""
"19","0.00","0","0.00","","","","","","","","","","","","","","","","","","","","","","","","","","","","","","",""
"20","0.00","0","0.00","","","","","","","","","","","","","","","","","","","","","","","","","","","","","","",""
"21","0.00","0","0.00","","","","","","","","","","","","","","","","","","","","","","","","","","","","","","",""
"22","0.00","0","0.00","","","","","","","","","","","","","","","","","","","","","","","","","","","","","","",""
"23","0.00","0","0.00","","","","","","","","","","","","","","","","","","","","","","","","","","","","","","",""
"24","0.00","0","0.00","","","","","","","","","","","","","","","","","","","","","","","","","","","","","","",""
"25","0.00","0","0.00","","","","","","","","","","","","","","","","","","","","","","","","","","","","","","",""
"26","0.00","0","0.00","","","","","","","","","","","","","","","","","","","","","","","","","","","","","","",""
"27","0.00","0","0.00","","","","","","","","","","","","","","","","","","","","","","","","","","","","","","",""
"28","0.00","0","0.00","","","","","","","","","","","","","","","","","","","","","","","","","","","","","","",""
"29","0.00","0","0.00","","","","","","","","","","","","","","","","","","","","","","","","","","","","","","",""
"30","0.00","0","0.00","","","","","","","","","","","","","","","","","","","","","","","","","","","","","","",""
"31","0.00","0","0.00","","","","","","","","","","","","","","","","","","","","","","","","","","","","","","",""
"","","2026-07-16 0:00:00","0","0","0","0","","","","","","","","","","","","","","","","","","","","","","","","","","","",""
"","","2026-07-16 1:00:00","0","0","0.00","0","","","","","","","","","","","","","","","","","","","","","","","","","","","",""
"","","2026-07-16 2:00:00","0","0.00","0.00","0","","","","","","","","","","","","","","","","","","","","","","","","","","","",""
"","","2026-07-16 3:00:00","0","0.00","0.00","0","","","","","","","","","","","","","","","","","","","","","","","","","","","",""
"","","2026-07-16 4:00:00","0","0","0.00","0","","","","","","","","","","","","","","","","","","","","","","","","","","","",""
"","","2026-07-16 5:00:00","12.41","12.41","0.01","26.56","","","","","","","","","","","","","","","","","","","","","","","","","","","",""
"","","2026-07-16 6:00:00","1,488.47","1,488.47","0.63","3,120.28","","","","","","","","","","","","","","","","","","","","","","","","","","","",""
"","","2026-07-16 7:00:00","6,032.46","6,032.46","8.52","13,598.49","","","","","","","","","","","","","","","","","","","","","","","","","","","",""
"","","2026-07-16 8:00:00","14,349.44","14,349.44","4.16","32,236.96","","","","","","","","","","","","","","","","","","","","","","","","","","","",""
"","","2026-07-16 9:00:00","23,633.44","23,633.44","23.50","74,930.63","","","","","","","","","","","","","","","","","","","","","","","","","","","",""
"","","2026-07-16 10:00:00","31,866.36","31,866.36","37.90","101,441.54","","","","","","","","","","","","","","","","","","","","","","","","","","","",""
"","","2026-07-16 11:00:00","32,535.54","32,535.54","65.44","105,373.98","","","","","","","","","","","","","","","","","","","","","","","","","","","",""
"","","2026-07-16 12:00:00","30,085.50","30,085.50","62.51","95,339.98","","","","","","","","","","","","","","","","","","","","","","","","","","","",""
"","","2026-07-16 13:00:00","28,570.79","28,570.79","37.97","95,579.78","","","","","","","","","","","","","","","","","","","","","","","","","","","",""
"","","2026-07-16 14:00:00","25,422.88","25,422.88","27.74","79,133.94","","","","","","","","","","","","","","","","","","","","","","","","","","","",""
"","","2026-07-16 15:00:00","18,180.72","18,180.72","27,241.53","178,069.10","","","","","","","","","","","","","","","","","","","","","","","","","","","",""
"","","2026-07-16 16:00:00","10,572.50","10,572.50","6.81","33,562.63","","","","","","","","","","","","","","","","","","","","","","","","","","","",""
"","","2026-07-16 17:00:00","4,022.65","4,022.65","0.40","13,194.32","","","","","","","","","","","","","","","","","","","","","","","","","","","",""
"","","2026-07-16 18:00:00","581.74","581.74","0.03","1,934.64","","","","","","","","","","","","","","","","","","","","","","","","","","","",""
"","","2026-07-16 19:00:00","0.05","0.05","0.05","0.2","","","","","","","","","","","","","","","","","","","","","","","","","","","",""
"","","2026-07-16 20:00:00","0","0","0.00","0.00","","","","","","","","","","","","","","","","","","","","","","","","","","","",""
"","","2026-07-16 21:00:00","0","0","0","0.00","","","","","","","","","","","","","","","","","","","","","","","","","","","",""
"","","2026-07-16 22:00:00","0","0","0.00","0","","","","","","","","","","","","","","","","","","","","","","","","","","","",""
"","","2026-07-16 23:00:00","0","0","0.00","0","","","","","","","","","","","","","","","","","","","","","","","","","","","",""